조사년도,법인명,대표학교코드,대표학교명,대학구분,학교구분,지역,설립구분,관련법령,성별,주야구분,우편번호,주소,학교개교일,학교홈페이지,총장명,학교대표전화번호,학교대표팩스번호,학교상태
2017,순총학원,317,순복음총회신학교,대학,각종대학(대학),충북,사립,고등교육법,남녀공학,주야간,27223,충청북도 제천시 덕산면 도전로 320 (도전리),20100308,www.kcc.ac.kr,이상철,043-645-5571,043-642-4530,기존
2017,한국예술종합학교,383,한국예술종합학교,대학,각종대학(대학),서울,특별법국립,특별법국립,남녀공학,주간,2789,"서울특별시 성북구 화랑로32길 146-37 (석관동, 한국종합예술학교)",19921030,www.karts.ac.kr,김봉렬,02-746-9066,02-746-9069,기존
2017,경인교육대학교 법인,256,경인교육대학교,대학,교육대학,경기,국립,고등교육법,남녀공학,주간,13910,"경기도 안양시 만안구 삼막로 155 (석수동, 경인교육대학교)",20050301,www.ginue.ac.kr,이재희,031-470-6114,031-470-6139,기존
2017,공주교육대학교 법인,251,공주교육대학교,대학,교육대학,충남,국립,고등교육법,남녀공학,주간,32553,"충청남도 공주시 웅진로 27 (봉황동, 공주교육대학교)",19380401,www.gjue.ac.kr,안병근,041-850-1377,041-850-1374,기존
2017,광주교육대학교 법인,252,광주교육대학교,대학,교육대학,광주,국립,고등교육법,남녀공학,주간,61204,"광주광역시 북구 필문대로 55 (풍향동, 광주교육대학교)",19630301,www.gnue.ac.kr,고재천(직무대리),062-520-4114,062-524-6022,기존
2017,대구교육대학교 법인,253,대구교육대학교,대학,교육대학,대구,국립,고등교육법,남녀공학,주간,42411,"대구광역시 남구 중앙대로 219 (대명동, 대구교육대학교)",19500325,www.dnue.ac.kr,임청환,053-620-1202,053-651-5369,기존
2017,부산교육대학교 법인,254,부산교육대학교,대학,교육대학,부산,국립,고등교육법,남녀공학,주간,47503,"부산광역시 연제구 교대로 24 (거제동, 부산교육대학교)",19460902,www.bnue.ac.kr,하윤수,051-500-7141,051-505-4908,기존
2017,서울교육대학교 법인,255,서울교육대학교,대학,교육대학,서울,국립,고등교육법,남녀공학,주간,6639,"서울특별시 서초구 서초중앙로 96 (서초동, 서울교육대학교)",19460522,www.snue.ac.kr,김경성,02-3475-2114,02-581-7711,기존
2017,전주교육대학교 법인,258,전주교육대학교,대학,교육대학,전북,국립,고등교육법,남녀공학,주간,55101,"전라북도 전주시 완산구 서학로 50 (동서학동, 전주교육대학교)",19630301,www.jnue.kr,최경희(총장직무대리),063-281-7114,063-281-0102,기존
2017,진주교육대학교 법인,260,진주교육대학교,대학,교육대학,경남,국립,고등교육법,남녀공학,주간,52673,"경상남도 진주시 진양호로369번길 3 (신안동, 진주교육대학교)",19630101,www.cue.ac.kr,최문성,055-740-1114,055-745-8741,기존
2017,청주교육대학교 법인,261,청주교육대학교,대학,교육대학,충북,국립,고등교육법,남녀공학,주간,28690,"충청북도 청주시 서원구 청남로 2065 (수곡동, 청주교육대학교)",19620217,www.cje.ac.kr,윤건영,043-299-0632,043-299-0797,기존
2017,춘천교육대학교 법인,262,춘천교육대학교,대학,교육대학,강원,국립,고등교육법,남녀공학,주간,24328,"강원도 춘천시 공지로 126 (석사동, 춘천교육대학교)",19390401,www.cnue.ac.kr,이면우,033-260-6165,033-260-6162,기존
2017,정보통신기능대학,579,ICT폴리텍대학,전문대학,기능대학,경기,사립,기능교육법,남녀공학,주간,12777,"경기도 광주시 순암로 16-26 (역동, 한국정보통신기능대학)",20021210,www.ict.ac.kr,이용석,031-764-3301~3302,031-762-3456,기존
2017,한국폴리텍,584,한국폴리텍 대학,전문대학,기능대학,서울,사립,근로자직업능력개발법,남녀공학,주야간,7684,"인천광역시 부평구 무네미로 478 (구산동, 한국폴리텍Ⅱ대학))",19980327,www.kopo.ac.kr,이인배,02-2186-5800,02-2186-5819,기존
2017,가천학원,63,가천대학교,대학,대학교,경기,사립,고등교육법,남녀공학,주야간,13120,"경기도 성남시 수정구 성남대로 1342 (복정동, 가천대학교)",20120301,www.gachon.ac.kr,이길여,031-750-5114,031-753-8828,기존
2017,인천가톨릭학원,72,가톨릭관동대학교,대학,대학교,강원,사립,고등교육법,남녀공학,주야간,25601,"강원도 강릉시 범일로579번길 24 (내곡동, 가톨릭관동대학교)",19550426,www.cku.ac.kr,천명훈,033-649-7114,033-649-7874,기존
2017,가톨릭학원,46,가톨릭대학교,대학,대학교,경기,사립,고등교육법,남녀공학,주야간,14662,"경기도 부천시 원미구 지봉로 43 (역곡동, 가톨릭대학교성심교정)",19950301,www.catholic.ac.kr,박영식,02-2164-4114,02-2164-4754,기존
2017,감리교신학원,50,감리교신학대학교,대학,대학교,서울,사립,고등교육법,남녀공학,주간,3745,"서울특별시 서대문구 독립문로 56 (냉천동, 감리교신학대학)",18870929,www.mtu.ac.kr,이환진,02-361-9257,02-361-9006,기존
2017,강남학원,51,강남대학교,대학,대학교,경기,사립,고등교육법,남녀공학,주야간,16979,"경기도 용인시 기흥구 강남로 40 (구갈동, 강남대학교)",19480812,www.kangnam.ac.kr,윤신일,031-280-3500,031-281-3604,기존
2017,강릉대학교 법인,1,강릉원주대학교,대학,대학교,강원,국립,고등교육법,남녀공학,주간,25457,"강원도 강릉시 죽헌길 7 (지변동, 강릉원주대학교)",19790301,www.gwnu.ac.kr,반선섭,033-642-7001,033-643-7110,기존
2017,강원대학교 법인,3,강원대학교,대학,대학교,강원,국립,고등교육법,남녀공학,주간,24341,"강원도 춘천시 강원대학길 1 (효자동, 강원대학교)",19700301,www.kangwon.ac.kr,김헌영,033-250-6114,033-251-9556,기존
2017,건국대학교,52,건국대학교,대학,대학교,서울,사립,고등교육법,남녀공학,주간,5029,"서울특별시 광진구 능동로 120 (화양동, 건국대학교)",19310515,www.konkuk.ac.kr,민상기,02-450-3114,02-450-3179,기존
2017,건양학원,54,건양대학교,대학,대학교,대전,사립,고등교육법,남녀공학,주야간,35365,"대전광역시 서구 관저동로 158 (관저동, 건양대학교병원)",19901128,www.konyang.ac.kr,김희수,041-730-5114,041-733-2070,기존
2017,경기학원,56,경기대학교,대학,대학교,경기,사립,고등교육법,남녀공학,주야간,16227,"경기도 수원시 영통구 광교산로 154-42 (이의동, 경기대학교)",19471108,www.kyonggi.ac.kr,김기언,031-249-9114,031-243-2194,기존
2017,진주산업대학교 법인,35,경남과학기술대학교,대학,대학교,경남,국립,고등교육법,남녀공학,주야간,52725,"경상남도 진주시 동진로 33 (칠암동, 경남과학기술대학교)",19100430,www.gntech.ac.kr,권진택,055-751-3114,055-752-9554,기존
2017,한마학원,59,경남대학교,대학,대학교,경남,사립,고등교육법,남녀공학,주간,51767,"경상남도 창원시 마산합포구 경남대학로 7 (월영동, 경남대학교)",19461227,www.kyungnam.ac.kr,박재규,055-245-5000,055-246-6184,기존
2017,경동대학교,60,경동대학교,대학,대학교,강원,사립,고등교육법,남녀공학,주간,24764,"강원도 고성군 토성면 봉포4길 46 (봉포리, 경동대학교)",19970301,www.kduniv.ac.kr,전성용,033-631-2000,033-631-9542,기존
2017,경상대학교 법인,7,경상대학교,대학,대학교,경남,국립,고등교육법,남녀공학,주간,52828,"경상남도 진주시 진주대로 501 (가좌동, 경상대학교)",19480814,www.gnu.ac.kr,이상경,055-772-1114,055-772-0359,기존
2017,한성(韓星)학원,62,경성대학교,대학,대학교,부산,사립,고등교육법,남녀공학,주간,48434,"부산광역시 남구 수영로 309 (대연동, 경성대학교)",19630128,www.ks.ac.kr,송수건,051-663-4114,051-663-4089,기존
2017,숭선학원,244,경운대학교,대학,대학교,경북,사립,고등교육법,남녀공학,주야간,39160,"경상북도 구미시 산동면 강동로 730 (인덕리, 경운대학교)",20120301,www.ikw.ac.kr,장주석,054-479-1114,054-479-1209,기존
2017,일청학원,64,경일대학교,대학,대학교,경북,사립,고등교육법,남녀공학,주야간,38428,"경상북도 경산시 하양읍 가마실길 50 (부호리, 경일대학교)",19961211,www.kiu.ac.kr,정현태,053-600-4000,053-600-4020,기존
2017,원석학원,65,경주대학교,대학,대학교,경북,사립,고등교육법,남녀공학,주야간,38065,"경상북도 경주시 태종로 188 (효현동, 경주대학교)",19871212,www.gju.ac.kr,이순자,054-770-5114,054-748-2784,기존
2017,경희학원,66,경희대학교,대학,대학교,서울,사립,고등교육법,남녀공학,주야간,2447,"서울특별시 동대문구 경희대로 26 (회기동, 경희대학교)",19510518,www.khu.ac.kr,조인원,02-961-0114,02-961-0930,기존
2017,계명대학교,68,계명대학교,대학,대학교,대구,사립,고등교육법,남녀공학,주야간,42601,"대구광역시 달서구 달구벌대로 1095 (신당동, 계명대학교성서캠퍼스)",19540520,www.kmu.ac.kr,신일희,053-580-5114,053-580-5454,기존
2017,고려중앙학원,69,고려대학교,대학,대학교,서울,사립,고등교육법,남녀공학,주간,2841,"서울특별시 성북구 안암로 145 (안암동5가, 고려대학교안암캠퍼스(인문사회계))",19050505,www.korea.ac.kr,염재호,02-3290-1114,02-928-9102,기존
2017,대한예수교장로회총회고려학원,71,고신대학교,대학,대학교,부산,사립,고등교육법,남녀공학,주야간,49104,"부산광역시 영도구 와치로 194 (동삼동, 고신대학교)",19460920,www.kosin.ac.kr,전광식,051-990-2114,051-911-2525,기존
2017,공주대학교 법인,8,공주대학교,대학,대학교,충남,국립,고등교육법,남녀공학,주간,32588,"충청남도 공주시 공주대학로 56 (신관동, 공주대학교)",19480731,www.kongju.ac.kr,김희수,041-850-8114,041-850-8019,기존
2017,광신학원,73,광신대학교,대학,대학교,광주,사립,고등교육법,남녀공학,주간,61027,"광주광역시 북구 양산택지소로 36 (본촌동, 광신대학교)",19961211,www.kwangshin.ac.kr,정규남,062-605-1004,062-571-7255,기존
2017,광운학원,74,광운대학교,대학,대학교,서울,사립,고등교육법,남녀공학,주야간,1897,"서울특별시 노원구 광운로 20 (월계동, 광운대학교)",19340520,www.kw.ac.kr,천장호,02-940-5026,02-917-0896,기존
2017,대건학당,75,광주가톨릭대학교,대학,대학교,전남,사립,고등교육법,남녀공학,주간,58230,"전라남도 나주시 남평읍 중남길 12-25 (남석리, 광주가톨릭대학교)",19650113,www.gjcatholic.ac.kr,노성기,061-337-2181,061-337-2185,기존
2017,광주과학기술원,381,광주과학기술원,대학,대학교,광주,특별법법인,특별법법인,남녀공학,주간,61005,"광주광역시 북구 첨단과기로 123 (오룡동, 광주과학기술원)",19931117,www.gist.ac.kr,문승현,062-715-2046,062-715-2049,기존
2017,호심학원,231,광주대학교,대학,대학교,광주,사립,고등교육법,남녀공학,주간,61743,"광주광역시 남구 효덕로 277 (진월동, 광주대학교)",20040301,www.gwangju.ac.kr,김혁종,062-670-2302,062-670-2112,기존
2017,송강학원,76,광주여자대학교,대학,대학교,광주,사립,고등교육법,여자,주간,62396,"광주광역시 광산구 여대길 201 (산정동, 광주여자대학교)",19970303,www.kwu.ac.kr,이선재,062-956-2500,062-953-2218,기존
2017,국민학원,78,국민대학교,대학,대학교,서울,사립,고등교육법,남녀공학,주야간,2707,"서울특별시 성북구 정릉로 77 (정릉동, 국민대학교)",19460901,www.kookmin.ac.kr,유지수,02-910-4114,02-910-4169,기존
2017,군산대학교 법인,9,군산대학교,대학,대학교,전북,국립,고등교육법,남녀공학,주간,54150,"전라북도 군산시 대학로 558 (미룡동, 군산대학교)",19790118,www.kunsan.ac.kr,나의균,063-469-4113~4,063-469-4110,기존
2017,일현학원,80,극동대학교,대학,대학교,충북,사립,고등교육법,남녀공학,주간,27601,"충청북도 음성군 감곡면 대학길 76-32 (왕장리, 극동대학교)",19971205,www.kdu.ac.kr,한상호,043-879-3517,043-879-3519,기존
2017,금강대학교,224,금강대학교,대학,대학교,충남,사립,고등교육법,남녀공학,주간,32906,"충청남도 논산시 상월면 상월로 522 (대명리, 금강대학교)",20021116,www.ggu.ac.kr,한광수,041-731-3025,041-731-3048,기존
2017,금오공과대학교 법인,10,금오공과대학교,대학,대학교,경북,국립,고등교육법,남녀공학,주야간,39177,"경상북도 구미시 대학로 61 (양호동, 금오공과대학교)",19800301,www.kumoh.ac.kr,김영식,(054)478-7114,(054)478-7100,기존
2017,김천대학교,241,김천대학교,대학,대학교,경북,사립,고등교육법,남녀공학,주간,39528,"경상북도 김천시 대학로 214 (삼락동, 김천대학교)",20100301,www.gimcheon.ac.kr,강성애,054-420-4000,054-420-4003,기존
2017,꽃동네현도학원,215,꽃동네대학교,대학,대학교,충북,사립,고등교육법,남녀공학,주간,28211,"충청북도 청주시 서원구 현도면 상삼길 133 (상삼리, 꽃동네대학교)",19981130,www.kkot.ac.kr,이원우,043-270-0109,043-270-0117,기존
2017,나사렛학원,81,나사렛대학교,대학,대학교,충남,사립,고등교육법,남녀공학,주야간,31172,"충청남도 천안시 서북구 월봉로 48 (쌍용동, 나사렛대학교)",19540914,www.kornu.ac.kr,임승안,041-570-7871,041-570-7725,기존
2017,우암학원,216,남부대학교,대학,대학교,광주,사립,고등교육법,남녀공학,주간,62271,"광주광역시 광산구 첨단중앙로 23 (월계동, 남부대학교)",19990312,www.nambu.ac.kr,조성수,062-970-0033,062-970-0039,기존
2017,성암학원,245,남서울대학교,대학,대학교,충남,사립,고등교육법,남녀공학,주야간,31020,"충청남도 천안시 서북구 성환읍 대학로 91 (매주리, 남서울대학교)",19940414,www.nsu.ac.kr,공정자,041-580-2513,041-584-2024,기존
2017,단국대학,82,단국대학교,대학,대학교,경기,사립,고등교육법,남녀공학,주간,16890,"경기도 용인시 수지구 죽전로 152 (죽전동, 단국대학교)",19471103,www.dankook.ac.kr,장호성,1899-3700,031-8021-7106,기존
2017,선목학원,88,대구가톨릭대학교,대학,대학교,경북,사립,고등교육법,남녀공학,주야간,38430,"경상북도 경산시 하양읍 하양로 13-13 (금락리, 대구가톨릭대학교)",19950301,www.cu.ac.kr,김정우,053-850-3114,053-359-7000,기존
2017,대구경북과학기술원,382,대구경북과학기술원,대학,대학교,대구,특별법법인,특별법법인,남녀공학,주간,42988,대구광역시 달성군 현풍면 테크노중앙대로 333 (상리),20110302,www.dgist.ac.kr,신성철,053-785-0114,053-785-1219,기존
2017,영광학원,84,대구대학교,대학,대학교,경북,사립,고등교육법,남녀공학,주야간,38453,"경상북도 경산시 진량읍 대구대로 201 (내리리, 대구대학교경산캠퍼스)",19560501,www.daegu.ac.kr,홍덕률,053-850-5000,053-850-5009,기존
2017,세기학원,87,대구예술대학교,대학,대학교,경북,사립,고등교육법,남녀공학,주간,39851,"경상북도 칠곡군 가산면 다부거문1길 202 (다부리, 대구예술대학교)",19961211,www.dgau.ac.kr,임채경,054-970-5311,054-973-5319,기존
2017,경북교육재단,225,대구외국어대학교,대학,대학교,경북,사립,고등교육법,남녀공학,주야간,38695,"경상북도 경산시 남천면 남천로 730 (협석리, 대구외국어대학교)",20030301,www.dufs.ac.kr,김수일,053-810-7000,053-811-0836,기존
2017,제한학원,61,대구한의대학교,대학,대학교,경북,사립,고등교육법,남녀공학,주야간,38610,"경상북도 경산시 한의대로 1 (유곡동, 대구한의대학교)",19801229,www.dhu.ac.kr,변창훈,053-819-1000,053-819-1258,기존
2017,대구신학원,93,대신대학교,대학,대학교,경북,사립,고등교육법,남녀공학,주야간,38649,"경상북도 경산시 경청로222길 33 (백천동, 대신대학교)",19961211,www.daeshin.ac.kr,최대해,053-810-0701,053-813-0006,기존
2017,천주교대전교구대지학원,94,대전가톨릭대학교,대학,대학교,세종,사립,고등교육법,남녀공학,주간,30006,"세종특별자치시 전의면 가톨릭대학로 30 (신방리, 대전가톨릭대학교)",19930301,www.dcatholic.ac.kr,곽승용,044-861-7101,044-861-7106,기존
2017,혜화학원,95,대전대학교,대학,대학교,대전,사립,고등교육법,남녀공학,주간,34520,"대전광역시 동구 대학로 62 (용운동, 대전대학교)",19801229,www.dju.ac.kr,임용철,042-280-2114,042-283-8808,기존
2017,대전신학대학교,238,대전신학대학교,대학,대학교,대전,사립,고등교육법,남녀공학,주간,34432,"대전광역시 대덕구 한남로 41 (오정동, 대전신학대학교)",20090301,www.daejeon.ac.kr,김명찬,042-606-0103,042-621-0821,기존
2017,대진대학교,97,대진대학교,대학,대학교,경기,사립,고등교육법,남녀공학,주야간,11159,"경기도 포천시 호국로 1007 (선단동, 대진대학교)",19911115,www.daejin.ac.kr,이면재,031-539-1114,031-539-1115,기존
2017,덕성학원,99,덕성여자대학교,대학,대학교,서울,사립,고등교육법,여자,주간,1369,"서울특별시 도봉구 삼양로144길 33 (쌍문동, 덕성여자대학교)",19500517,www.duksung.ac.kr,이원복,02-901-8000,02-908-2251,기존
2017,동국대학교,100,동국대학교,대학,대학교,서울,사립,고등교육법,남녀공학,주야간,4620,"서울특별시 중구 필동로1길 30 (장충동2가, 동국대학교)",19460920,www.dongguk.edu,한태식(보광),02-2260-3011,02-2260-3694,기존
2017,동덕여학단,102,동덕여자대학교,대학,대학교,서울,사립,고등교육법,여자,주야간,2748,"서울특별시 성북구 화랑로13길 60 (하월곡동, 동덕여자대학교)",19500527,www.dongduk.ac.kr,김낙훈,02-940-4000,02-940-4182,기존
2017,동명문화학원,235,동명대학교,대학,대학교,부산,사립,고등교육법,남녀공학,주간,48520,"부산광역시 남구 신선로 428 (용당동, 동명대학교)",20060301,www.tu.ac.kr,오거돈,051-629-1000,051-629-0619,기존
2017,동서학원,103,동서대학교,대학,대학교,부산,사립,고등교육법,남녀공학,주간,47011,"부산광역시 사상구 주례로 47 (주례동, 동서대학교)",19920302,www.dongseo.ac.kr,장제국,051-313-2001~4,051-312-2329,기존
2017,해인학원,104,동신대학교,대학,대학교,전남,사립,고등교육법,남녀공학,주야간,58245,"전라남도 나주시 건재로 185 (대호동, 동신대학교)",19861231,www.dsu.ac.kr,김필식,061-330-3013,061-330-3019,기존
2017,동아학숙,105,동아대학교,대학,대학교,부산,사립,고등교육법,남녀공학,주야간,49315,"부산광역시 사하구 낙동대로550번길 37 (하단동, 동아대학교)",19461101,www.donga.ac.kr,한석정,051-200-6406,051-200-6415,기존
2017,현암학원,106,동양대학교,대학,대학교,경북,사립,고등교육법,남녀공학,주간,36040,"경상북도 영주시 풍기읍 동양대로 145 (산법리, 동양대학교)",19940301,www.dyu.ac.kr,최성해,054-630-1114,054-636-8523,기존
2017,동의학원,107,동의대학교,대학,대학교,부산,사립,고등교육법,남녀공학,주야간,47340,"부산광역시 부산진구 엄광로 176 (가야동, 동의대학교)",19790110,www.deu.ac.kr,공순진,051-890-1114,051-890-1234,기존
2017,루터교학원,108,루터대학교,대학,대학교,경기,사립,고등교육법,남녀공학,주간,17072,"경기도 용인시 기흥구 금화로82번길 20 (상갈동, 루터대학교)",19971205,www.ltu.ac.kr,권득칠 총장직무대행,031-679-2300,031-283-1505,기존
2017,명지학원,109,명지대학교,대학,대학교,경기,사립,고등교육법,남녀공학,주야간,17058,"경기도 용인시 처인구 명지로 116 (남동, 명지대학교용인캠퍼스)",19480907,www.mju.ac.kr,유병진,1577-0020,031-332-2459,기존
2017,감리교학원,112,목원대학교,대학,대학교,대전,사립,고등교육법,남녀공학,주간,35349,"대전광역시 서구 도안북로 88 (도안동, 목원대학교)",19650113,www.mokwon.ac.kr,박노권,042-829-7114,042-825-5020,기존
2017,골롬반학원,221,목포가톨릭대학교,대학,대학교,전남,사립,고등교육법,남녀공학,주야간,58607,"전라남도 목포시 영산로 697 (석현동, 목포가톨릭대학교)",19991217,www.mcu.ac.kr,이재술,061-280-5102,061-280-5109,기존
2017,목포대학교 법인,11,목포대학교,대학,대학교,전남,국립,고등교육법,남녀공학,주간,58554,"전라남도 무안군 청계면 영산로 1666 (도림리, 목포대학교)",19461031,www.mokpo.ac.kr,최 일,061-450-2114,061-452-4793,기존
2017,목포해양대학교 법인,12,목포해양대학교,대학,대학교,전남,국립,고등교육법,남녀공학,주간,58628,"전라남도 목포시 해양대학로 91 (죽교동, 목포해양대학교)",19930301,www.mmu.ac.kr,최민선,061-240-7114,061-242-5176,기존
2017,배재학당,113,배재대학교,대학,대학교,대전,사립,고등교육법,남녀공학,주간,35345,"대전광역시 서구 배재로 155-40 (도마동, 배재대학교)",19801229,www.pcu.ac.kr,김영호,042-520-5114,042-533-7354,기존
2017,백석대학교,178,백석대학교,대학,대학교,충남,사립,고등교육법,남녀공학,주야간,31065,"충청남도 천안시 동남구 문암로 76 (안서동, 백석대학교)",19940301,www.bu.ac.kr,최갑종,041-550-9114,041-550-9113,기존
2017,부경대학교 법인,13,부경대학교,대학,대학교,부산,국립,고등교육법,남녀공학,주야간,48513,"부산광역시 남구 용소로 45 (대연동, 부경대학교대연캠퍼스)",19960706,www.pknu.ac.kr,김영섭,051-629-4114,051-629-5089,기존
2017,성모학원,114,부산가톨릭대학교,대학,대학교,부산,사립,고등교육법,남녀공학,주야간,46252,"부산광역시 금정구 오륜대로 57 (부곡동, 부산가톨릭대학교)",19901224,www.cup.ac.kr,김영규,051-515-5811,051-514-1576,기존
2017,해당없음,14,부산대학교,대학,대학교,부산,국립,고등교육법,남녀공학,주간,46241,"부산광역시 금정구 부산대학로63번길 2 (장전동, 부산대학교)",19460515,www.pusan.ac.kr,전호환,051-512-0311,051-512-3368,기존
2017,성지학원,115,부산외국어대학교,대학,대학교,부산,사립,고등교육법,남녀공학,주야간,46234,"부산광역시 금정구 금샘로485번길 65 (남산동, 부산외국어대학교)",19820312,www.bufs.ac.kr,정해린,051-509-5252,051-509-5260,기존
2017,부산장신대학교,222,부산장신대학교,대학,대학교,경남,사립,고등교육법,남녀공학,주간,50883,경상남도 김해시 김해대로 1894-68 (구산동),20001129,www.bpu.ac.kr,김용관,055-320-2500,055-339-1161,기존
2017,삼육학원,116,삼육대학교,대학,대학교,서울,사립,고등교육법,남녀공학,주간,1795,"서울특별시 노원구 화랑로 815 (공릉동, 삼육대학교)",19620227,www.syu.ac.kr,김성익,02-3399-3392,02-3399-3398,기존
2017,상명학원,117,상명대학교,대학,대학교,서울,사립,고등교육법,남녀공학,주야간,3016,"서울특별시 종로구 홍지문2길 20 (홍지동, 상명대학교)",19650113,www.smu.ac.kr,구기헌,02-2287-5114,02-2287-0015,기존
2017,상지학원,119,상지대학교,대학,대학교,강원,사립,고등교육법,남녀공학,주야간,26339,"강원도 원주시 상지대길 83 (우산동, 상지대학교)",19740402,www.sangji.ac.kr,오승석(직무대행),033-730-0114,033-745-2433,기존
2017,서강대학교,120,서강대학교,대학,대학교,서울,사립,고등교육법,남녀공학,주간,4107,"서울특별시 마포구 백범로 35 (신수동, 서강대학교)",19600418,www.sogang.ac.kr,유기풍,02-705-8114,02-705-8112,기존
2017,서경대학원,121,서경대학교,대학,대학교,서울,사립,고등교육법,남녀공학,주간,2713,"서울특별시 성북구 서경로 124 (정릉동, 서경대학교)",19920901,www.skuniv.ac.kr,최영철,02-940-7114,02-919-0345,기존
2017,서남학원,122,서남대학교,대학,대학교,충남,사립,고등교육법,남녀공학,주간,31556,"충청남도 아산시 송악면 평촌길 7-111 (평촌리, 서남대학교)",20020308,asan.seonam.ac.kr,김경안,063-620-0031,063-620-0113,기존
2017,서울과학기술대학교 법인,36,서울과학기술대학교,대학,대학교,서울,국립,고등교육법,남녀공학,주야간,1811,"서울특별시 노원구 공릉로 232 (공릉동, 서울과학기술대학교)",20120301,www.seoultech.ac.kr,김종호,02-970-7114,02-970-6088,기존
2017,환원학원,98,서울기독대학교,대학,대학교,서울,사립,고등교육법,남녀공학,주야간,3422,"서울특별시 은평구 갈현로4길 26-2 (신사동, 서울기독대학교)",19971205,www.scu.ac.kr,이강평,02-380-2516,02-380-2535,기존
2017,서울대학교 법인,19,서울대학교,대학,대학교,서울,국립대법인,고등교육법,남녀공학,주간,8826,"서울특별시 관악구 관악로 1 (신림동, 서울대학교)",19460822,www.snu.ac.kr,성낙인,02-880-5114,02-885-5272,기존
2017,서울시립대학교 법인,40,서울시립대학교,대학,대학교,서울,공립,고등교육법,남녀공학,주간,2504,"서울특별시 동대문구 서울시립대로 163 (전농동, 서울시립대학교)",19180501,www.uos.ac.kr,원윤희,02-6490-6114,02-6490-6439,기존
2017,서울신학대학교,125,서울신학대학교,대학,대학교,경기,사립,고등교육법,남녀공학,주야간,14754,"경기도 부천시 소사구 호현로489번길 52 (소사본동, 서울신학대학교)",19590226,www.stu.ac.kr,노세영,032-340-9114,032-349-9400,기존
2017,정의학원,126,서울여자대학교,대학,대학교,서울,사립,고등교육법,여자,주야간,1797,"서울특별시 노원구 화랑로 621 (공릉동, 서울여자대학교)",19601212,www.swu.ac.kr,전혜정,02-970-5114,02-970-7931,기존
2017,광명학원,127,서울장신대학교,대학,대학교,경기,사립,고등교육법,남녀공학,주간,12749,"경기도 광주시 경안로 145 (경안동, 서울장신대학교)",19841221,www.sjs.ac.kr,안주훈,031-799-9113,031-765-1232,기존
2017,한일학원,205,한영신학대학교,대학,대학교,서울,사립,고등교육법,남녀공학,주야간,8274,"서울특별시 구로구 경인로 290-42 (개봉동, 한영신학대학교)",19961111,www.hytu.ac.kr,이억범,02-2067-4500,02-2616-4102,기존
2017,서원학원,128,서원대학교,대학,대학교,충북,사립,고등교육법,남녀공학,주간,28674,"충청북도 청주시 서원구 무심서로 377-3 (모충동, 서원대학교)",19680309,www.seowon.ac.kr,손석민,043-299-8114,043-283-8822,기존
2017,선문학원,129,선문대학교,대학,대학교,충남,사립,고등교육법,남녀공학,주야간,31460,"충청남도 아산시 탕정면 선문로221번길 70 (갈산리, 선문대학교)",19900308,www.sunmoon.ac.kr,황선조,041-530-2114,041-541-7424,기존
2017,성결신학원,131,성결대학교,대학,대학교,경기,사립,고등교육법,남녀공학,주야간,14097,"경기도 안양시 만안구 성결대학로 53 (안양동, 성결대학교)",19650113,www.sungkyul.edu,윤동철,031-467-8114,031-449-0529,기존
2017,성공회대학교,132,성공회대학교,대학,대학교,서울,사립,고등교육법,남녀공학,주야간,8359,"서울특별시 구로구 연동로 320 (항동, 성공회대학교)",19921223,www.skhu.ac.kr,이정구,02-2610-4142,02-2610-4206,기존
2017,성균관대학,133,성균관대학교,대학,대학교,서울,사립,고등교육법,남녀공학,주야간,3063,"서울특별시 종로구 성균관로 25-2 (명륜3가, 성균관대학교)",19460925,www.skku.edu,정규상,02-760-0114,02-760-1141,기존
2017,성신학원,136,성신여자대학교,대학,대학교,서울,사립,고등교육법,여자,주간,2844,"서울특별시 성북구 보문로34다길 2 (돈암동, 성신여자대학교)",19650113,www.sungshin.ac.kr,심화진,02-920-7114,02-920-2018,기존
2017,대원교육재단,137,세명대학교,대학,대학교,충북,사립,고등교육법,남녀공학,주간,27136,"충청북도 제천시 세명로 65 (신월동, 교무처(세명대학교))",19901128,www.semyung.ac.kr,이용걸,043-645-1125,043-644-2111,기존
2017,대양학원,138,세종대학교,대학,대학교,서울,사립,고등교육법,남녀공학,주야간,5006,"서울특별시 광진구 능동로 209 (군자동, 세종대학교)",19781007,www.sejong.ac.kr,신구,02-3408-3114,02-3408-3906,기존
2017,영신학원,92,세한대학교,대학,대학교,전남,사립,고등교육법,남녀공학,주야간,58447,"전라남도 영암군 삼호읍 녹색로 1113 (산호리, 세한대학교)",19940310,www.sehan.ac.kr,이 승 훈,061-469-1114,061-462-2510,기존
2017,송원대학교,243,송원대학교,대학,대학교,광주,사립,고등교육법,남녀공학,주야간,61756,"광주광역시 남구 송암로 73 (송하동, 송원대학)",20120301,www.songwon.ac.kr,최수태,062-360-5700,062-360-5756,기존
2017,광암학원,139,수원가톨릭대학교,대학,대학교,경기,사립,고등교육법,남녀공학,주간,18332,"경기도 화성시 봉담읍 왕림1길 67 (왕림리, 수원가톨릭대학교)",19840302,www.suwoncatholic.ac.kr,이용화,031-290-8822,031-227-4526,기존
2017,고운학원,140,수원대학교,대학,대학교,경기,사립,고등교육법,남녀공학,주야간,18323,"경기도 화성시 봉담읍 와우안길 17 (와우리, 수원대학교)",19811226,www.suwon.ac.kr,이인수,031-220-2114,02-745-8545,기존
2017,숙명학원,141,숙명여자대학교,대학,대학교,서울,사립,고등교육법,여자,주간,4310,"서울특별시 용산구 청파로47길 90 (청파동2가, 숙명여자대학교)",19381221,www.sookmyung.ac.kr,강정애,02-710-9114,02-2077-7481,기존
2017,순천대학교 법인,20,순천대학교,대학,대학교,전남,국립,고등교육법,남녀공학,주야간,57922,"전라남도 순천시 중앙로 255 (석현동, 순천대학교)",19820310,www.sunchon.ac.kr,송영무,061-750-3114,061-750-3117,기존
2017,동은학원,142,순천향대학교,대학,대학교,충남,사립,고등교육법,남녀공학,주야간,31538,"충청남도 아산시 신창면 순천향로 22 (읍내리, 순천향대학교)",19780301,www.sch.ac.kr,서교일,041-530-1114,041-542-4615,기존
2017,숭실대학교,143,숭실대학교,대학,대학교,서울,사립,고등교육법,남녀공학,주야간,6978,"서울특별시 동작구 상도로 369 (상도동, 숭실대학교)",18971010,www.ssu.ac.kr,황준성,02-820-0114,02-828-7143,기존
2017,신경학원,233,신경대학교,대학,대학교,경기,사립,고등교육법,남녀공학,주간,18274,"경기도 화성시 남양읍 남양중앙로 400-5 (남양리, 신경대학교)",20040407,www.sgu.ac.kr,남 완,031-369-9112,031-369-9116,기존
2017,박영학원,144,신라대학교,대학,대학교,부산,사립,고등교육법,남녀공학,주간,46958,"부산광역시 사상구 백양대로700번길 140 (괘법동, 신라대학교)",19691227,www.silla.ac.kr,박태학,051-999-5000,051-999-5800,기존
2017,학교법인 신흥학원,2712,신한대학교,대학,대학교,경기,사립,고등교육법,남녀공학,주간,11340,"경기도 동두천시 벌마들로40번길 30 (상패동, 신한대학교)",20140301,www.shinhan.ac.kr,김병옥,031-870-2900,031-870-2939,기존
2017,아세아연합신학대학원,145,아세아연합신학대학교,대학,대학교,경기,사립,고등교육법,남녀공학,주야간,12508,"경기도 양평군 옥천면 경강로 1276 (아신리, 아세아연합신학대학교)",19811226,www.acts.ac.kr,김영욱,031-770-7802,031-770-7803,기존
2017,대우학원,146,아주대학교,대학,대학교,경기,사립,고등교육법,남녀공학,주야간,16499,"경기도 수원시 영통구 월드컵로 206 (원천동, 아주대학교)",19730315,www.ajou.ac.kr,김동연,031-219-2114,031-213-5158,기존
2017,해당없음,21,안동대학교,대학,대학교,경북,국립,고등교육법,남녀공학,주간,36729,"경상북도 안동시 경동로 1375 (송천동, 안동대학교)",19790312,www.andong.ac.kr,권태환,054-820-5114,054-820-7115,기존
2017,우일학원,147,안양대학교,대학,대학교,경기,사립,고등교육법,남녀공학,주야간,14028,"경기도 안양시 만안구 삼덕로37번길 22 (안양동, 안양대학교)",19480917,www.anyang.ac.kr,정창덕,031-467-0708,031-467-0868,기존
2017,연세대학교,149,연세대학교,대학,대학교,서울,사립,고등교육법,남녀공학,주간,3722,"서울특별시 서대문구 연세로 50 (신촌동, 연세대학교)",19570105,www.yonsei.ac.kr,김용학,1599-1885,02-2123-8608,기존
2017,영남학원,151,영남대학교,대학,대학교,경북,사립,고등교육법,남녀공학,주야간,38541,"경상북도 경산시 대학로 280 (대동, 영남대학교)",19671222,www.yu.ac.kr,서길수,053-810-2114,053-810-2036,기존
2017,영남신학대학교,153,영남신학대학교,대학,대학교,경북,사립,고등교육법,남녀공학,주간,38451,"경상북도 경산시 진량읍 봉회1길 26 (봉회리, 영남신학대학교)",19931217,www.ytus.ac.kr,오규훈,053-850-0500,053-852-9815,기존
2017,성심학원,236,영산대학교,대학,대학교,부산,사립,고등교육법,남녀공학,주간,48015,"부산광역시 해운대구 반송순환로 142 (반송동, 영산대학교부산캠퍼스)",20051221,www.ysu.ac.kr,부구욱,051-540-7000,051-543-9347,기존
2017,영산학원,155,영산선학대학교,대학,대학교,전남,사립,고등교육법,남녀공학,주간,57026,전라남도 영광군 백수읍 성지로 1357 (길용리),19970303,www.youngsan.ac.kr,김윤겸,061-350-6015,061-350-6040,기존
2017,예수대학교,228,예수대학교,대학,대학교,전북,사립,고등교육법,남녀공학,주간,54989,"전라북도 전주시 완산구 서원로 383 (중화산동1가, 예수대학교)",20030301,www.jesus.ac.kr,서광수,063-230-7700,063-286-2216,기존
2017,예원예술대학교,218,예원예술대학교,대학,대학교,경기,사립,고등교육법,남녀공학,주간,11429,"경기도 양주시 은현면 화합로1134번길 110 (용암리, 예원예술대학교양주캠퍼스)",20140301,www.yewon.ac.kr,채영덕,031-859-7114,031-869-0566,기존
2017,단호학원,156,용인대학교,대학,대학교,경기,사립,고등교육법,남녀공학,주간,17092,"경기도 용인시 처인구 용인대학로 134 (삼가동, 용인대학교)",19530615,www.yongin.ac.kr,박선경,031-332-6471,031-332-6479,기존
2017,우석학원,157,우석대학교,대학,대학교,전북,사립,고등교육법,남녀공학,주야간,55338,"전라북도 완주군 삼례읍 삼례로 443 (후정리, 우석대학교)",19790510,www.woosuk.ac.kr,김응권,063-290-1114,063-291-9312,기존
2017,우송학원,240,우송대학교,대학,대학교,대전,사립,고등교육법,남녀공학,주간,34606,"대전광역시 동구 동대전로 171 (자양동, 우송정보대학)",19950301,www.wsu.ac.kr,존엔디컷,042-630-9600,042-631-2346,기존
2017,울산과학기술원,250,울산과학기술원,대학,대학교,울산,특별법법인,특별법법인,남녀공학,주간,44919,"울산광역시 울주군 언양읍 유니스트길 50 (반연리, 울산과학기술원)",20090302,www.unist.ac.kr,정무영,052-217-0114,052-217-1149,기존
2017,울산공업학원,158,울산대학교,대학,대학교,울산,사립,고등교육법,남녀공학,주야간,44610,"울산광역시 남구 대학로 93 (무거동, 울산대학교)",19700316,www.ulsan.ac.kr,오연천,052-277-3101,052-277-1534,기존
2017,원광학원,159,원광대학교,대학,대학교,전북,사립,고등교육법,남녀공학,주야간,54538,"전라북도 익산시 익산대로 460 (신동, 원광대학교)",19510905,www.wonkwang.ac.kr,김도종,063-850-5114,063-850-6666,기존
2017,회당학원,160,위덕대학교,대학,대학교,경북,사립,고등교육법,남녀공학,주야간,38004,"경상북도 경주시 강동면 동해대로 261 (유금리, 위덕대학교)",19951216,www.uu.ac.kr,홍욱헌,054-760-1053,054-760-1039,기존
2017,금강학원,154,유원대학교,대학,대학교,충북,사립,고등교육법,남녀공학,주간,29131,충청북도 영동군 영동읍 대학로 310,19931217,www.U1.ac.kr,채훈관,043-740-1114,043-740-1029,기존
2017,을지학원,161,을지대학교,대학,대학교,경기,사립,고등교육법,남녀공학,주간,13135,"경기도 성남시 수정구 산성대로 553 (양지동, 을지대학교)",19670321,www.eulji.ac.kr,조우현,031-740-7424,031-740-7425,기존
2017,이화학당,163,이화여자대학교,대학,대학교,서울,사립,고등교육법,여자,주간,3760,"서울특별시 서대문구 이화여대길 52 (대현동, 이화여자대학교)",19460815,www.ewha.ac.kr,총장직무대행 송덕수,02-3277-2114,02-3277-3301,기존
2017,인제학원,164,인제대학교,대학,대학교,부산,사립,고등교육법,남녀공학,주야간,47392,"부산광역시 부산진구 복지로 75 (개금동, 백병원)",19790112,www.inje.ac.kr,차인준,051-894-3421,051-895-1864,기존
2017,국립대학법인 인천대학교,2660,인천대학교,대학,대학교,인천,국립대법인,고등교육법,남녀공학,주야간,22012,"인천광역시 연수구 아카데미로 119 (송도동, 인천대학교)",19790312,www.inu.ac.kr ,조동성,032-835-8114,032-835-0713,기존
2017,정석인하학원,169,인하대학교,대학,대학교,인천,사립,고등교육법,남녀공학,주간,22212,"인천광역시 남구 인하로 100 (용현동, 인하대학교)",19540424,www.inha.ac.kr,최순자,032-860-7114,032-863-1333,기존
2017,장로회신학대학교,170,장로회신학대학교,대학,대학교,서울,사립,고등교육법,남녀공학,주간,4965,"서울특별시 광진구 광장로5길 25-1 (광장동, 장로회신학대학교)",19610202,www.puts.ac.kr,총장 임성빈,02-450-0700,02-452-3460,기존
2017,전남대학교 법인,23,전남대학교,대학,대학교,전남,국립,고등교육법,남녀공학,주간,59626,"전라남도 여수시 대학로 50 (둔덕동, 전남대학교여수캠퍼스)",20060301,www.chonnam.ac.kr,지병문,061-659-6114,061-659-7003,기존
2017,전북대학교 법인,25,전북대학교,대학,대학교,전북,국립,고등교육법,남녀공학,주간,54896,"전라북도 전주시 덕진구 백제대로 567 (금암동, 전북대학교)",19511006,www.jbnu.ac.kr,이남호,063-270-2114,063-276-0429,기존
2017,신동아학원,171,전주대학교,대학,대학교,전북,사립,고등교육법,남녀공학,주야간,55069,"전라북도 전주시 완산구 천잠로 303 (효자동2가, 전주대학교)",19530505,www.jj.ac.kr,이호인,1577-7177,063-220-2072,기존
2017,동원교육학원,248,제주국제대학교,대학,대학교,제주,사립,고등교육법,남녀공학,주야간,63309,제주특별자치도 제주시 516로 2870 (영평동),20120301,www.jeju.ac.kr,고충석,064-754-0216,064-702-8330,기존
2017,제주대학교 법인,27,제주대학교,대학,대학교,제주,국립,고등교육법,남녀공학,주야간,63243,"제주특별자치도 제주시 제주대학로 102 (아라일동, 제주대학교)",19520527,www.jejunu.ac.kr,허향진,"064-754-2114, 8217",064-755-8562,기존
2017,조선대학교,172,조선대학교,대학,대학교,광주,사립,고등교육법,남녀공학,주야간,61452,"광주광역시 동구 필문대로 309 (서석동, 조선대학교)",19460929,www.chosun.ac.kr,서재홍,062-230-7114,062-232-8834,기존
2017,중부학원,173,중부대학교,대학,대학교,충남,사립,고등교육법,남녀공학,주야간,32713,"충청남도 금산군 추부면 대학로 201 (마전리, 중부대학교)",19930301,www.joongbu.ac.kr,홍승용,041-750-6500,041-750-6060,기존
2017,중앙대학교,175,중앙대학교,대학,대학교,서울,사립,고등교육법,남녀공학,주야간,6974,"서울특별시 동작구 흑석로 84 (흑석동, 중앙대학교)",19180401,www.cau.ac.kr,김창수,02-820-5114/6114,02-814-1659,기존
2017,승가학원,177,중앙승가대학교,대학,대학교,경기,사립,고등교육법,남녀공학,주간,10118,"경기도 김포시 승가로 147 (풍무동, 중앙승가대학)",19790318,www.sangha.ac.kr,원행스님,031-980-7709,031-980-7778,기존
2017,대진교육재단,239,중원대학교,대학,대학교,충북,사립,고등교육법,남녀공학,주간,28024,"충청북도 괴산군 괴산읍 문무로 85 (동부리, 중원대학교)",20090302,www.jwu.ac.kr,안병환,043-830-8114,043-830-8115,기존
2017,성광학원,187,차의과학대학교,대학,대학교,경기,사립,고등교육법,남녀공학,주야간,11160,"경기도 포천시 해룡로 120 (동교동, 포천중문의과대학)",19961211,www.cha.ac.kr,이훈규,1899-2010,031)543-2716,기존
2017,창신대학,249,창신대학교,대학,대학교,경남,사립,고등교육법,남녀공학,주야간,51352,"경상남도 창원시 마산회원구 팔용로 262 (합성동, 창신대학)",20130304,www.cs.ac.kr,강정묵,055-250-3001,055-297-5181,기존
2017,창원대학교 법인,28,창원대학교,대학,대학교,경남,국립,고등교육법,남녀공학,주야간,51140,"경상남도 창원시 의창구 창원대학로 20 (사림동, 창원대학교)",19690321,www.changwon.ac.kr,최해범,055-213-2088,055-266-1448,기존
2017,청석학원,179,청주대학교,대학,대학교,충북,사립,고등교육법,남녀공학,주야간,28503,"충청북도 청주시 청원구 대성로 298 (내덕동, 청주대학교)",19461118,www.cju.ac.kr,정성봉,043-229-8114,043-229-8110,기존
2017,초당학원,246,초당대학교,대학,대학교,전남,사립,고등교육법,남녀공학,주야간,58530,"전라남도 무안군 무안읍 무안로 380 (성남리, 초당대학교)",19940307,www.chodang.ac.kr,박종구,061-450-1019,061-453-4567,기존
2017,대한예수교장로회 총신대학교,180,총신대학교,대학,대학교,서울,사립,고등교육법,남녀공학,주야간,6988,"서울특별시 동작구 사당로 143 (사당동, 총신대학교)",19670602,www.chongshin.ac.kr,김영우,02-3479-0200,02-593-6256,기존
2017,추계학원,181,추계예술대학교,대학,대학교,서울,사립,고등교육법,남녀공학,주간,3762,"서울특별시 서대문구 북아현로11가길 7 (북아현동, 추계예술대학교)",19961211,www.chugye.ac.kr,임상혁,02-362-5700,02-362-4555,기존
2017,충남대학교 법인,29,충남대학교,대학,대학교,대전,국립,고등교육법,남녀공학,주간,34134,"대전광역시 유성구 대학로 99 (궁동, 충남대학교)",19520525,www.cnu.ac.kr,오덕성,042-821-5114,042-823-5875,기존
2017,충북대학교 법인,30,충북대학교,대학,대학교,충북,국립,고등교육법,남녀공학,주간,28644,"충청북도 청주시 서원구 충대로 1 (개신동, 충북대학교)",19510927,www.chungbuk.ac.kr,윤여표,"043-261-2114, 3114",043-261-3333,기존
2017,한국침례신학원,182,침례신학대학교,대학,대학교,대전,사립,고등교육법,남녀공학,주간,34098,"대전광역시 유성구 북유성대로 190 (하기동, 침례신학대학)",19731222,www.kbtus.ac.kr,이형원,042-828-3114,042-825-1354,기존
2017,칼빈신학원,184,칼빈대학교,대학,대학교,경기,사립,고등교육법,남녀공학,주간,16911,"경기도 용인시 기흥구 마북로 184 (마북동, 칼빈대학교)",19970303,www.calvin.ac.kr,최광욱,031-284-4753,031-284-4588,기존
2017,피어선기념학원,186,평택대학교,대학,대학교,경기,사립,고등교육법,남녀공학,주야간,17869,"경기도 평택시 서동대로 3825 (용이동, 평택대학교)",19901128,www.ptu.ac.kr,이필재,031-659-8114,031-659-8011,기존
2017,포항공과대학교,188,포항공과대학교,대학,대학교,경북,사립,고등교육법,남녀공학,주간,37673,"경상북도 포항시 남구 청암로 77 (지곡동, 포항공과대학교)",19861203,www.postech.ac.kr,김도연,054-279-0114,054-279-2099,기존
2017,한경대학교 법인,37,한경대학교,대학,대학교,경기,국립,고등교육법,남녀공학,주야간,17579,"경기도 안성시 중앙로 327 (석정동, 한경대학교)",20120301,www.hknu.ac.kr,태범석,031-670-5114,031-670-5469,기존
2017,한국과학기술원,374,한국과학기술원,대학,대학교,대전,특별법법인,특별법법인,남녀공학,주간,34141,"대전광역시 유성구 대학로 291 (구성동, 한국과학기술원)",19710216,www.kaist.ac.kr,강성모,042-350-2114,042-350-2210,기존
2017,한국교원대학교 법인,31,한국교원대학교,대학,대학교,충북,국립,고등교육법,남녀공학,주간,28173,"충청북도 청주시 흥덕구 강내면 태성탑연로 250 (다락리, 한국교원대학교)",19840315,www.knue.ac.kr,류희찬,043-230-3114,043-233-2960,기존
2017,한국교통대학교 법인,34,한국교통대학교,대학,대학교,충북,국립,고등교육법,남녀공학,주야간,27469,"충청북도 충주시 대소원면 대학로 50 (검단리, 한국교통대학교)",19140401,www.ut.ac.kr,김영호,043-841-5000,043-853-1236,기존
2017,일선학원,229,한국국제대학교,대학,대학교,경남,사립,고등교육법,남녀공학,주야간,52833,"경상남도 진주시 문산읍 동부로 965 (상문리, 한국국제대학교)",20021116,www.iuk.ac.kr,이우상,055-751-8042,055-762-0350,기존
2017,한국기술교육대학교,189,한국기술교육대학교,대학,대학교,충남,사립,고등교육법,남녀공학,원격,31079,"충청남도 천안시 서북구 과수원길 18 (부대동, 한국기술교육대학교두정IOC캠퍼스)",19911102,www.koreatech.ac.kr,김기영,041-560-1114,041-561-9504,기존
2017,한국산업기술대학,247,한국산업기술대학교,대학,대학교,경기,사립,고등교육법,남녀공학,주야간,15073,"경기도 시흥시 산기대학로 237 (정왕동, 한국산업기술대학교)",20120301,www.kpu.ac.kr,이재훈,031-8041-1000,031-8041-0009,기존
2017,한국복음주의학원,191,한국성서대학교,대학,대학교,서울,사립,고등교육법,남녀공학,주간,1757,"서울특별시 노원구 동일로214길 32 (상계동, 한국성서대학교)",19961211,www.bible.ac.kr,강우정,02-950-5410,02-950-5451,기존
2017,동원육영회,192,한국외국어대학교,대학,대학교,서울,사립,고등교육법,남녀공학,주간,2450,"서울특별시 동대문구 이문로 107 (이문동, 한국외국어대학교)",19540420,www.hufs.ac.kr,김인철,02-2173-2114,02-960-7898,기존
2017,한국체육대학교 법인,32,한국체육대학교,대학,대학교,서울,국립,개별설치령에 의한 국립학교,남녀공학,주간,5541,"서울특별시 송파구 양재대로 1239 (방이동, 한국체육대학교)",19761230,www.knsu.ac.kr,김성조,02-410-6700,02-418-1877,기존
2017,정석인하학원,194,한국항공대학교,대학,대학교,경기,사립,고등교육법,남녀공학,주간,10540,"경기도 고양시 덕양구 항공대학로 76 (화전동, 한국항공대학교)",19520616,www.kau.ac.kr,이강웅,02-300-0114,02-3158-5769,기존
2017,한국해양대학교 법인,33,한국해양대학교,대학,대학교,부산,국립,고등교육법,남녀공학,주간,49112,"부산광역시 영도구 태종로 727 (동삼동, 한국해양대학교)",19451105,www.kmou.ac.kr,박한일,051-410-4114,051-405-2475,기존
2017,대전기독학원,195,한남대학교,대학,대학교,대전,사립,고등교육법,남녀공학,주간,34430,"대전광역시 대덕구 한남로 70 (오정동, 한남대학교)",19560313,www.hannam.ac.kr,이덕훈,042-629-7114,042-629-5874,기존
2017,한동대학교,196,한동대학교,대학,대학교,경북,사립,고등교육법,남녀공학,주야간,37554,"경상북도 포항시 북구 흥해읍 한동로 558 (남송리, 한동대학교)",19941202,www.handong.edu,장순흥,054-260-1111,054-260-1149,기존
2017,배달학원,197,한라대학교,대학,대학교,강원,사립,고등교육법,남녀공학,주간,26404,"강원도 원주시 흥업면 한라대길 28 (흥업리, 한라대학교)",19970301,www.halla.ac.kr,이정무,033-760-1114,033-760-6705,기존
2017,서호학원,242,한려대학교,대학,대학교,전남,사립,고등교육법,남녀공학,주야간,57764,"전라남도 광양시 광양읍 한려대길 94-13 (덕례리, 한려대학교)",20110301,www.hanlyo.ac.kr,이호재,061-760-1111,061-761-6709,기존
2017,일송학원,198,한림대학교,대학,대학교,강원,사립,고등교육법,남녀공학,주간,24252,"강원도 춘천시 한림대학길 1 (옥천동, 한림대학교)",19820301,www.hallym.ac.kr,김중수,033-248-1000,033-248-3333,기존
2017,한밭대학교 법인,39,한밭대학교,대학,대학교,대전,국립,고등교육법,남녀공학,주야간,34158,"대전광역시 유성구 동서대로 125 (덕명동, 한밭대학교)",20120301,www.hanbat.ac.kr,송하영,042-821-1114,042-825-5395,기존
2017,함주학원,199,한서대학교,대학,대학교,충남,사립,고등교육법,남녀공학,주야간,31962,"충청남도 서산시 해미면 한서1로 46 (대곡리, 한서대학교)",19911115,www.hanseo.ac.kr,함기선,041-660-1144,041-660-1149,기존
2017,한성(漢城)학원,200,한성대학교,대학,대학교,서울,사립,고등교육법,남녀공학,주야간,2876,"서울특별시 성북구 삼선교로16길 116 (삼선동2가, 한성대학교)",19721221,www.hansung.ac.kr,이상한,02-760-4231,02-745-8943,기존
2017,한세대학교,201,한세대학교,대학,대학교,경기,사립,고등교육법,남녀공학,주간,15852,경기도 군포시 한세로 30 (당정동),19530510,www.hansei.ac.kr,김성혜,031-450-5114,031-450-5124,기존
2017,한신학원,202,한신대학교,대학,대학교,경기,사립,고등교육법,남녀공학,주간,18101,"경기도 오산시 한신대길 137 (양산동, 한신대학교)",19400419,www.hs.ac.kr,채수일,031-379-0114,031-379-0039,기존
2017,한양학원,203,한양대학교,대학,대학교,서울,사립,고등교육법,남녀공학,주야간,4763,"서울특별시 성동구 왕십리로 222 (사근동, 한양대학교)",19480701,www.hanyang.ac.kr,이영무,02-2220-0114,02-2220-0199,기존
2017,한일신학,206,한일장신대학교,대학,대학교,전북,사립,고등교육법,남녀공학,주야간,55359,"전라북도 완주군 상관면 왜목로 726-15 (신리, 한일장신대학교)",19950301,www.hanil.ac.kr,구춘서,063-230-5408,063-230-5679,기존
2017,광희학원,220,한중대학교,대학,대학교,강원,사립,고등교육법,남녀공학,주야간,25800,"강원도 동해시 지양길 200 (지흥동, 한중대학교)",19911130,www.hanzhong.ac.kr,이장국(직대),033-521-9900,033-521-9407,기존
2017,삼일학원,207,협성대학교,대학,대학교,경기,사립,고등교육법,남녀공학,주야간,18330,"경기도 화성시 봉담읍 최루백로 72 (상리, 협성대학교)",19830304,www.uhs.ac.kr,박민용,031-299-0900,031-227-3131,기존
2017,성인학원,208,호남대학교,대학,대학교,광주,사립,고등교육법,남녀공학,주야간,62399,"광주광역시 광산구 어등대로 417 (서봉동, 호남대학교광산캠퍼스)",19810731,www.honam.ac.kr,서강석,062-940-5000,062-940-5005,기존
2017,호남신학대학교,209,호남신학대학교,대학,대학교,광주,사립,고등교육법,남녀공학,주야간,61642,"광주광역시 남구 제중로 77 (양림동, 호남신학대학교)",19720216,www.htus.ac.kr,최흥진,062-650-1552,062-675-1552,기존
2017,호서학원,211,호서대학교,대학,대학교,충남,사립,고등교육법,남녀공학,주야간,31499,"충청남도 아산시 배방읍 호서로79번길 20 (세출리, 호서대학교)",19801229,www.hoseo.ac.kr,신대철,041-540-5114,041-540-5159,기존
2017,홍익학원,212,홍익대학교,대학,대학교,서울,사립,고등교육법,남녀공학,주간,4066,"서울특별시 마포구 와우산로 94 (상수동, 홍익대학교)",19460425,www.hongik.ac.kr,김영환,02-320-1114,02-320-1122,기존
2017,한국방송통신대학교 법인,273,한국방송통신대학교,대학,방송통신대학,서울,국립,고등교육법,남녀공학,원격,3087,"서울특별시 종로구 대학로 86 (동숭동, 방송통신대학교우체국)",19720309,www.knou.ac.kr,김외숙(직무대리),02-3668-4318,02-3673-2382,기존
2017,건양학원,335,건양사이버대학교,대학,사이버대학(대학),대전,사립,고등교육법,남녀공학,원격,35365,"대전광역시 서구 관저동로 158 (관저동, 건양대학교병원)",20120301,www.kycu.ac.kr,김희수,1899-3330,042-600-6519,기존
2017,경희학원,318,경희사이버대학교,대학,사이버대학(대학),서울,사립,고등교육법,남녀공학,원격,2447,"서울특별시 동대문구 경희대로 26 (회기동, 경희사이버대학교)",20010303,www.khcu.ac.kr,조인원,02-968-2233,02-3299-8729,기존
2017,고려중앙학원,328,고려사이버대학교,대학,사이버대학(대학),서울,사립,고등교육법,남녀공학,원격,3051,"서울특별시 종로구 북촌로 106 (계동, 고려사이버대학교)",20010220,www.cuk.edu,김중순,02-6361-2000,02-6361-1800,기존
2017,광동학원,319,국제사이버대학교,대학,사이버대학(대학),경기,사립,고등교육법,남녀공학,원격,16487,경기도 수원시 팔달구 경수대로 490 (인계동),20030301,www.gjcu.ac.kr,박영규,031-229-6212,031-267-0750,기존
2017,한문화학원,334,글로벌사이버대학교,대학,사이버대학(대학),충남,사립,고등교육법,남녀공학,원격,31228,"충청남도 천안시 동남구 목천읍 교천지산길 284-88 (지산리, 글로벌사이버대학교)",20100301,www.global.ac.kr,이승헌,1577-1786,041-529-2638,기존
2017,영광학원,320,대구사이버대학교,대학,사이버대학(대학),경북,사립,고등교육법,남녀공학,원격,38453,"경상북도 경산시 진량읍 대구대로 201 (내리리, 대구대학교경산캠퍼스)",20011110,www.dcu.ac.kr,홍덕률,053-859-7500,053-859-7599,기존
2017,서울문화예술원,330,디지털서울문화예술대학교,대학,사이버대학(대학),서울,사립,고등교육법,남녀공학,원격,3645,"서울특별시 서대문구 통일로37길 60 (홍제동, 디지털서울문화예술대학교)",20100301,www.scau.ac.kr,박창식,02-2287-0353,02-379-5736,기존
2017,동서학원,321,부산디지털대학교,대학,사이버대학(대학),부산,사립,고등교육법,남녀공학,원격,47011,"부산광역시 사상구 주례로 57 (주례동, 부산디지털대학교)",20011101,www.bdu.ac.kr,양상백,051-320-2785,051-320-2787,기존
2017,동원육영회,332,사이버한국외국어대학교,대학,사이버대학(대학),서울,사립,고등교육법,남녀공학,원격,2450,"서울특별시 동대문구 이문로 107 (이문동, 한국외국어대학교)",20040301,www.cufs.ac.kr,김인철,02-2173-2580,02-966-6183,기존
2017,서울디지털대학교,322,서울디지털대학교,대학,사이버대학(대학),서울,사립,고등교육법,남녀공학,원격,4157,"서울특별시 마포구 독막로 320 (도화동, 서울디지털대학교)",20010301,www.sdu.ac.kr,정오영,02-2128-3096,02-2128-3214,기존
2017,신일학원,323,서울사이버대학교,대학,사이버대학(대학),서울,사립,고등교육법,남녀공학,원격,1133,"서울특별시 강북구 솔매로49길 60 (미아동, 서울사이버대학교)",20001130,www.iscu.ac.kr,허묘연,02-944-5000,02-980-2222,기존
2017,대양학원,325,세종사이버대학교,대학,사이버대학(대학),서울,사립,고등교육법,남녀공학,원격,5000,"서울특별시 광진구 군자로 121 (군자동, 세종사이버대학)",20010301,www.sjcu.ac.kr,신구,02-2204-8034,02-2204-8036,기존
2017,숭실사이버대학교,329,숭실사이버대학교,대학,사이버대학(대학),서울,사립,고등교육법,남녀공학,원격,3132,"서울특별시 종로구 삼일대로30길 23 (익선동, BIZWELL종로오피스텔)",20090301,www.kcu.ac,한헌수,02-708-7700,02-708-7755,기존
2017,원광학원,327,원광디지털대학교,대학,사이버대학(대학),전북,사립,고등교육법,남녀공학,원격,54538,"전라북도 익산시 익산대로 460 (신동, 원광디지털대학교)",20020301,www.wdu.ac.kr,남궁문,070-7730-0004,063-843-2855,기존
2017,학교법인 열린학원,326,한국열린사이버대학교,대학,사이버대학(대학),서울,사립,고등교육법,남녀공학,원격,2087,"서울특별시 중랑구 망우로 353, C동 9층(상봉프레미어스엠코)",20010301,www.ocu.ac.kr,장일홍,02-2197-4252,02-2197-4298,기존
2017,한양학원,331,한양사이버대학교,대학,사이버대학(대학),서울,사립,고등교육법,남녀공학,원격,4763,"서울특별시 성동구 왕십리로 220 (행당동, 한양사이버대학교)",20020301,www.hanyangcyber.ac.kr,이영무,02-2290-0055,02-2290-0600,기존
2017,화신학원,333,화신사이버대학교,대학,사이버대학(대학),부산,사립,고등교육법,남녀공학,원격,47558,"부산광역시 연제구 고분로191번길 1 (연산동, 화신사이버대학교)",20090301,www.hscu.ac.kr,조인곤 총장,1588-5215,051-999-0159,기존
2017,영진교육재단,575,영진사이버대학,전문대학,사이버대학(전문대학),대구,사립,고등교육법,남녀공학,원격,41527,"대구광역시 북구 복현로 35 (복현동, 영진전문대학)",20020301,www.ycc.ac.kr,최재영,053-940-5500,053-940-5504,기존
2017,이후학원,576,한국복지사이버대학,전문대학,사이버대학(전문대학),경북,사립,고등교육법,남녀공학,원격,38695,경상북도 경산시 남천면 남천로 746-10 (협석리),20100909,www.corea.ac.kr,최원석,1644-9775,053-815-6500,기존
2017,혜전학원,284,청운대학교,대학,산업대학,충남,사립,고등교육법,남녀공학,주야간,32244,"충청남도 홍성군 홍성읍 대학길 25 (남장리, 청운대학교)",19941203,www.chungwoon.ac.kr,이상렬,041-630-3114,041-634-8700,기존
2017,정은학원,282,호원대학교,대학,산업대학,전북,사립,고등교육법,남녀공학,주야간,54058,"전라북도 군산시 임피면 호원대3길 64 (월하리, 호원대학교)",19780302,www.howon.ac.kr,강희성,063-450-7114,063-450-7777,기존
2017,한국학중앙연구원,683,한국학대학원,대학원대학,일반대학원,경기,특별법법인,특별법법인,남녀공학,주간,13455,"경기도 성남시 분당구 하오개로 323 (운중동, 한국학중앙연구원)",19800301,www.aks.ac.kr,이배용,031-709-4169,031-709-9946,기존
2017,숭희학원,433,강동대학교,전문대학,전문대학(2년제),충북,사립,고등교육법,남녀공학,주간,27600,"충청북도 음성군 감곡면 대학길 278 (단평리, 강동대학교)",19940305,www.gangdong.ac.kr,류정윤,043-879-3300,043-879-3311,기존
2017,분진학원,548,강원관광대학교,전문대학,전문대학(2년제),강원,사립,고등교육법,남녀공학,주야간,26034,"강원도 태백시 대학길 97 (황지동, 강원관광대학)",19941117,www.kt.ac.kr,원재희,033-550-6133,033-553-7322,기존
2017,한국산업기술대학,560,경기과학기술대학교,전문대학,전문대학(2년제),경기,사립,고등교육법,남녀공학,주야간,15073,"경기도 시흥시 경기과기대로 269 (정왕동, 경기과학기술대학교)",19981128,www.gtec.ac.kr,김필구,031-496-4513,031-496-9018,기존
2017,경남도립거창대학 법인,402,경남도립거창대학,전문대학,전문대학(2년제),경남,공립,고등교육법,남녀공학,주간,50147,"경상남도 거창군 거창읍 거창대학로 72 (대평리, 경남도립거창대학)",19960301,www.gc.ac.kr,김정기,055-254-2800,055-254-2718,기존
2017,경남도립남해대학 법인,403,경남도립남해대학,전문대학,전문대학(2년제),경남,공립,고등교육법,남녀공학,주간,52422,"경상남도 남해군 남해읍 화전로78번길 30 (남변리, 경남도립남해대학)",19960307,www.namhae.ac.kr,홍덕수,055-254-2400,055-254-2419,기존
2017,경북과학대학,456,경북과학대학교,전문대학,전문대학(2년제),경북,사립,고등교육법,남녀공학,주야간,39913,"경상북도 칠곡군 기산면 지산로 634 (봉산리, 경북과학대학교)",19930315,www.kbsc.ac.kr,장재현,054-979-9001,054-979-9130,기존
2017,경북도립대학 법인,405,경북도립대학교,전문대학,전문대학(2년제),경북,공립,고등교육법,남녀공학,주야간,36830,"경상북도 예천군 예천읍 도립대학길 114 (청복리, 경북도립대학교)",19961226,www.gpc.ac.kr,김용대,054-650-0128,054-650-0129,기존
2017,양산학원,438,경북보건대학교,전문대학,전문대학(2년제),경북,사립,고등교육법,남녀공학,주간,39525,"경상북도 김천시 대학로 168 (삼락동, 경북보건대학교)",19980501,www.gch.ac.kr,이은직,054-420-9200,054-430-4477,기존
2017,계명대학교,425,계명문화대학교,전문대학,전문대학(2년제),대구,사립,고등교육법,남녀공학,주야간,42601,"대구광역시 달서구 달서대로 675 (신당동, 계명문화대학)",19620227,www.kmcu.ac.kr,박명호,053-589-7744,053-589-7400,기존
2017,계원학원,426,계원예술대학교,전문대학,전문대학(2년제),경기,사립,고등교육법,남녀공학,주간,16038,"경기도 의왕시 계원대학로 66 (내손동, 계원예술대학교)",19930301,www.kaywon.ac.kr,권영걸,031-420-1700,031-420-1729,기존
2017,구미교육재단,430,구미대학교,전문대학,전문대학(2년제),경북,사립,고등교육법,남녀공학,주야간,39213,"경상북도 구미시 야은로 37 (부곡동, 구미대학교)",19911130,www.gumi.ac.kr,정창주,054-440-1114,054-442-8953,기존
2017,국제대학,549,국제대학교,전문대학,전문대학(2년제),경기,사립,고등교육법,남녀공학,주야간,17731,"경기도 평택시 장안웃길 56 (장안동, 국제대학교)",19970301,www.kookje.ac.kr,장기원,031-610-8000,031-668-4900,기존
2017,중암학원,442,대경대학교,전문대학,전문대학(2년제),경북,사립,고등교육법,남녀공학,주야간,38547,"경상북도 경산시 자인면 단북1길 65 (단북리, 대경대학)",19921211,www.tk.ac.kr,이채영,053-850-1000,053-850-1214,기존
2017,대구학원,443,대구공업대학교,전문대학,전문대학(2년제),대구,사립,고등교육법,남녀공학,주간,42734,"대구광역시 달서구 송현로 205 (본동, 대구공업대학)",19760320,www.ttc.ac.kr,이별나,053-527-0501-5,053-527-0506,기존
2017,한별학숙,446,대구과학대학교,전문대학,전문대학(2년제),대구,사립,고등교육법,남녀공학,주야간,41453,"대구광역시 북구 영송로 47 (태전동, 대구과학대학)",19600509,www.tsu.ac.kr,박준,053-320-1114,053-320-1045,기존
2017,창성학원,546,대덕대학교,전문대학,전문대학(2년제),대전,사립,고등교육법,남녀공학,주야간,34111,"대전광역시 유성구 가정북로 68 (장동, 대덕대학)",19801211,www.ddc.ac.kr,김상인,"042-866-0200,0288",042-866-0445,기존
2017,화봉학원,447,대동대학교,전문대학,전문대학(2년제),부산,사립,고등교육법,남녀공학,주야간,46270,"부산광역시 금정구 동부곡로27번길 88 (부곡동, 대동대학교)",19710306,www.daedong.ac.kr,윤진한,051-518-5444,051-514-5847,기존
2017,민송학원,449,대원대학교,전문대학,전문대학(2년제),충북,사립,고등교육법,남녀공학,주야간,27135,"충청북도 제천시 대학로 316 (신월동, 대원대학)",19950301,www.daewon.ac.kr,이원탁,043-645-9171,043-645-9170,기존
2017,학교법인 대전과학기술대학교,453,대전과학기술대학교,전문대학,전문대학(2년제),대전,사립,고등교육법,남녀공학,주간,35408,"대전광역시 서구 혜천로 100 (복수동, 대전과학기술대학교)",19400415,www.dst.ac.kr,김은기,042-580-6114,042-580-6159,기존
2017,청운학원,451,대전보건대학교,전문대학,전문대학(2년제),대전,사립,고등교육법,남녀공학,주야간,34504,"대전광역시 동구 충정로 21 (가양동, 대전보건대학)",19771203,www.hit.ac.kr,서중석,042-670-9000,042-670-9049,기존
2017,후성학원,460,동강대학교,전문대학,전문대학(2년제),광주,사립,고등교육법,남녀공학,주야간,61200,"광주광역시 북구 동문대로 50 (풍향동, 동강대학)",19760124,www.dkc.ac.kr,김동옥,062-520-2212,062-520-2216,기존
2017,학산학원,450,동서울대학교,전문대학,전문대학(2년제),경기,사립,고등교육법,남녀공학,주야간,13117,"경기도 성남시 수정구 복정로 76 (복정동, 동서울대학)",19780315,www.du.ac.kr,유광섭,031-720-2011,031-720-2947,기존
2017,동원교육재단,509,동원과학기술대학교,전문대학,전문대학(2년제),경남,사립,고등교육법,남녀공학,주야간,50578,"경상남도 양산시 명곡로 321 (명곡동, 동원과학기술대학교)",19910318,www.dist.ac.kr,장호익,055-370-8100,055-386-2000,기존
2017,동의학원,466,동의과학대학교,전문대학,전문대학(2년제),부산,사립,고등교육법,남녀공학,주야간,47230,"부산광역시 부산진구 양지로 54 (양정동, 동의과학대학)",19721214,www.dit.ac.kr,김영도,051-860-0011~3,051-860-3270,기존
2017,두원학원,469,두원공과대학교,전문대학,전문대학(2년제),경기,사립,고등교육법,남녀공학,주야간,17520,"경기도 안성시 죽산면 관음당길 51 (장원리, 두원공과대학교)",19940301,www.doowon.ac.kr,이해구,031-8056-7000,031-8056-7100,기존
2017,남북학원,475,문경대학교,전문대학,전문대학(2년제),경북,사립,고등교육법,남녀공학,주야간,36930,경상북도 문경시 호계면 대학길 161 (별암리),19951227,www.mkc.ac.kr,신영국,054-559-1114,054-559-1059,기존
2017,백석대학교,543,백석문화대학교,전문대학,전문대학(2년제),충남,사립,고등교육법,남녀공학,주야간,31065,"충청남도 천안시 동남구 문암로 58 (안서동, 백석문화대학교)",19940301,www.bscu.ac.kr,장종현,041-550-0700,041-550-9113,기존
2017,백암학원,477,백제예술대학교,전문대학,전문대학(2년제),전북,사립,고등교육법,남녀공학,주간,55313,"전라북도 완주군 봉동읍 백제대학로 171 (제내리, 백제예술대학)",19911130,www.paekche.ac.kr,이기훈,063-260-9114,063-263-3607,기존
2017,화신학원,479,부산경상대학교,전문대학,전문대학(2년제),부산,사립,고등교육법,남녀공학,주야간,47583,"부산광역시 연제구 고분로 170 (연산동, 부산경상대학)",19791115,www.bsks.ac.kr,총장 한백용,051-850-1000,051-850-1133,기존
2017,중앙학원,481,부산과학기술대학교,전문대학,전문대학(2년제),부산,사립,고등교육법,남녀공학,주야간,46639,"부산광역시 북구 시랑로132번길 88 (구포동, 부산과학기술대학교)",19761231,www.bist.ac.kr,강기성,051-334-6666,051-330-7027,기존
2017,혜화학원(전문),480,부산여자대학교,전문대학,전문대학(2년제),부산,사립,고등교육법,여자,주야간,47228,"부산광역시 부산진구 진남로 506 (양정동, 부산여자대학)",19790101,www.bwc.ac.kr,왕세창,051)852-0081~5,051)867-4705,기존
2017,원곡학원,561,부산예술대학교,전문대학,전문대학(2년제),부산,사립,고등교육법,남녀공학,주간,48429,"부산광역시 남구 못골번영로71번길 74 (대연동, 부산예술대학)",19990301,www.busanarts.ac.kr,안원철 총장,051-628-3991,051-628-2719,기존
2017,한길학원,482,부천대학교,전문대학,전문대학(2년제),경기,사립,고등교육법,남녀공학,주야간,14632,"경기도 부천시 원미구 신흥로56번길 25 (심곡동, 부천대학)",19790308,www.bc.ac.kr,한정석,032-610-0515,032-610-0519,기존
2017,상지학원,485,상지영서대학교,전문대학,전문대학(2년제),강원,사립,고등교육법,남녀공학,주야간,26339,"강원도 원주시 상지대길 84 (우산동, 상지영서대학교)",19730310,www.sy.ac.kr,이경행,033-744-4150,033-744-1333,기존
2017,세방학원,490,서일대학교,전문대학,전문대학(2년제),서울,사립,고등교육법,남녀공학,주야간,2192,"서울특별시 중랑구 용마산로90길 28 (면목동, 서일대학)",19741221,www.seoil.ac.kr,우태희(직무대리),02-490-7351,02-490-7348,기존
2017,세경학원,515,세경대학교,전문대학,전문대학(2년제),강원,사립,고등교육법,남녀공학,주야간,26239,"강원도 영월군 영월읍 하송로 197 (하송리, 세경대학)",19931118,www.saekyung.ac.kr,최석식,033-371-3000,033-371-3029,기존
2017,송곡학원,567,송곡대학교,전문대학,전문대학(2년제),강원,사립,고등교육법,남녀공학,주야간,24465,"강원도 춘천시 남산면 송곡대학길 34 (창촌리, 송곡대학교)",20021119,www.songgok.ac.kr,왕표순,033-260-3600,033-261-4599,기존
2017,송호학원,564,송호대학교,전문대학,전문대학(2년제),강원,사립,고등교육법,남녀공학,주야간,25242,"강원도 횡성군 횡성읍 남산로 210 (남산리, 송호대학교)",19991220,www.songho.ac.kr,이기평,033-340-1032,033-340-1006,기존
2017,수원인제학원,496,수원여자대학교,전문대학,전문대학(2년제),경기,사립,고등교육법,여자,주야간,16632,"경기도 수원시 권선구 온정로 72 (오목천동, 수원여자대학)",19690301,www.swc.ac.kr,손경상,031-290-8042,031-290-8297,기존
2017,순천성심학원,498,순천제일대학교,전문대학,전문대학(2년제),전남,사립,고등교육법,남녀공학,주야간,57997,"전라남도 순천시 제일대학길 17 (덕월동, 순천제일대학)",19790301,www.suncheon.ac.kr,김지환,061-740-1393,061-743-5106,기존
2017,숭의학원,500,숭의여자대학교,전문대학,전문대학(2년제),서울,사립,고등교육법,여자,주야간,4628,"서울특별시 중구 소파로2길 10 (예장동, 숭의여자대학)",19031031,www.sewc.ac.kr,윤승진,02-3708-9052,02-773-2625,기존
2017,신구학원,501,신구대학교,전문대학,전문대학(2년제),경기,사립,고등교육법,남녀공학,주야간,13174,"경기도 성남시 중원구 광명로 377 (금광동, 신구대학)",19731219,www.shingu.ac.kr,이숭겸,031-740-1114,031-734-0905,기존
2017,순효학원,506,신안산대학교,전문대학,전문대학(2년제),경기,사립,고등교육법,남녀공학,주야간,15435,"경기도 안산시 단원구 신안산대학로 135 (초지동, 신안산대학교)",19940430,www.sau.ac.kr,강성락,031-490-6000,031-495-7828,기존
2017,대우학원,454,아주자동차대학,전문대학,전문대학(2년제),충남,사립,고등교육법,남녀공학,주간,33415,"충청남도 보령시 주포면 대학길 106 (관산리, 아주자동차대학)",19941117,motor.ac.kr,신성호,041-939-3008,041-939-3457,기존
2017,동신교육재단,510,여주대학교,전문대학,전문대학(2년제),경기,사립,고등교육법,남녀공학,주야간,12652,"경기도 여주시 세종로 338 (교동, 여주대학교)",19930301,www.yit.ac.kr,윤준호,031-880-5000,031-883-5113,기존
2017,엘지연암학원,512,연암대학교,전문대학,전문대학(2년제),충남,사립,고등교육법,남녀공학,주야간,31005,"충청남도 천안시 서북구 성환읍 연암로 313 (수향리, 천안연암대학)",19770119,www.yonam.ac.kr,육근열,041-580-1114,041-581-0401,기존
2017,경북학원,418,영남외국어대학,전문대학,전문대학(2년제),경북,사립,고등교육법,남녀공학,주야간,38695,"경상북도 경산시 남천면 남천로 780-9 (협석리, 영남외국어대학)",19950301,www.yflc.ac.kr,장영아,053-810-0100,053-810-0199,기존
2017,영남학원,513,영남이공대학교,전문대학,전문대학(2년제),대구,사립,고등교육법,남녀공학,주야간,42415,"대구광역시 남구 현충로 170 (대명동, 영남이공대학)",19680215,www.ync.ac.kr,이호성,053-650-9114,053-624-7871,기존
2017,영진교육재단,517,영진전문대학,전문대학,전문대학(2년제),대구,사립,고등교육법,남녀공학,주야간,41527,"대구광역시 북구 복현로 35 (복현동, 영진전문대학)",19770312,www.yjc.ac.kr,최재영,053-940-5132,053-939-1050,기존
2017,유한학원,524,유한대학교,전문대학,전문대학(2년제),경기,사립,고등교육법,남녀공학,주야간,14780,"경기도 부천시 소사구 경인로 590 (괴안동, 유한대학)",19780318,www.yuhan.ac.kr,이 권 현,02-2610-0600,02-2614-6398,기존
2017,인덕학원,525,인덕대학교,전문대학,전문대학(2년제),서울,사립,고등교육법,남녀공학,주야간,1878,"서울특별시 노원구 초안산로 12 (월계동, 인덕대학)",19711223,www.induk.ac.kr,이우권,02-950-7000,02-906-5340,기존
2017,재능학원,455,인천재능대학교,전문대학,전문대학(2년제),인천,사립,고등교육법,남녀공학,주간,22573,"인천광역시 동구 재능로 178 (송림동, 재능대학)",19701216,www.jeiu.ac.kr,이기우,032-890-7000,032-890-7065,기존
2017,서림학원,527,장안대학교,전문대학,전문대학(2년제),경기,사립,고등교육법,남녀공학,주야간,18331,"경기도 화성시 봉담읍 삼천병마로 1182 (상리, 장안대학)",19790310,www.jangan.ac.kr,우완기 ,031-299-3000,031-227-1953,기존
2017,우암학원,529,전남과학대학교,전문대학,전문대학(2년제),전남,사립,고등교육법,남녀공학,주야간,57500,전라남도 곡성군 옥과면 대학로 113 (옥과리),19901219,www.cntu.ac.kr,조성수,061-360-5000,061-363-5020,기존
2017,전남도립대학 법인,562,전남도립대학교,전문대학,전문대학(2년제),전남,공립,고등교육법,남녀공학,주간,57337,"전라남도 담양군 담양읍 죽녹원로 152 (향교리, 전남도립대학)",19980313,www.dorip.ac.kr,김왕복,061-380-8413,061-381-9100,기존
2017,전북과학대학,531,전북과학대학교,전문대학,전문대학(2년제),전북,사립,고등교육법,남녀공학,주야간,56204,"전라북도 정읍시 정읍사로 509 (시기동, 전북과학대학)",19941117,www.jbsc.ac.kr,황인창,063-530-9114,063-532-3768,기존
2017,신동아학원,530,전주비전대학교,전문대학,전문대학(2년제),전북,사립,고등교육법,남녀공학,주야간,55069,"전라북도 전주시 완산구 천잠로 235 (효자동2가, 전주비전대학)",19760124,www.jvision.ac.kr,한영수,063-220-4114,063-220-3629,기존
2017,제주교육학원,532,제주관광대학교,전문대학,전문대학(2년제),제주,사립,고등교육법,남녀공학,주야간,63063,"제주특별자치도 제주시 애월읍 평화로 2715 (광령리, 제주관광대학)",19921211,www.ctc.ac.kr,김성규,064-740-8867,064-746-2827,기존
2017,조선대학교,534,조선이공대학교,전문대학,전문대학(2년제),광주,사립,고등교육법,남녀공학,주야간,61453,"광주광역시 동구 필문대로 309-1 (서석동, 조선이공대학)",19630128,www.cst.ac.kr,최영일,062-230-8092,062-230-8099,기존
2017,충북과학대학 법인,406,충북도립대학,전문대학,전문대학(2년제),충북,공립,고등교육법,남녀공학,주간,29046,충청북도 옥천군 옥천읍 대학길 15 (문정리),19980306,www.cpu.ac.kr,함승덕,043-220-5313,043-220-5319,기존
2017,주성학원,536,충북보건과학대학교,전문대학,전문대학(2년제),충북,사립,고등교육법,남녀공학,주야간,28150,"충청북도 청주시 청원구 내수읍 덕암길 10 (덕암리, 충북보건과학대학교)",19920312,www.chsu.ac.kr,박용석,043-210-8133,043-210-8305,기존
2017,충청학원,547,충청대학교,전문대학,전문대학(2년제),충북,사립,고등교육법,남녀공학,주야간,28171,"충청북도 청주시 흥덕구 강내면 월곡길 38 (월곡리, 충청대학)",19821210,www.ok.ac.kr,오경나,043-230-2114,043-230-2115,기존
2017,거영학원,565,한국관광대학교,전문대학,전문대학(2년제),경기,사립,고등교육법,남녀공학,주간,17306,"경기도 이천시 신둔면 이장로311번길 197-73 (고척리, 한국관광대학)",20010123,www.ktc.ac.kr,김성이,031-644-1000,031-644-1122,기존
2017,학교법인 한국승강기대학,570,한국승강기대학교,전문대학,전문대학(2년제),경남,사립,고등교육법,남녀공학,주간,50141,"경상남도 거창군 거창읍 운정1길 120 (송정리, 한국승강기대학)",20100301,www.klc.ac.kr,김천영,055-949-2220,055-949-2222,기존
2017,인산학원,522,한국영상대학교,전문대학,전문대학(2년제),세종,사립,고등교육법,남녀공학,주야간,30056,"세종특별자치시 장군면 대학길 300 (금암리, 한국영상대학)",19921211,www.pro.ac.kr,유재원,044-850-9000,044-850-9008,기존
2017,한양학원,554,한양여자대학교,전문대학,전문대학(2년제),서울,사립,고등교육법,여자,주야간,4763,"서울특별시 성동구 살곶이길 200 (사근동, 한양여자대학)",19741220,www.hywoman.ac.kr,이보숙,02-2290-2085,02-2290-2089,기존
2017,봉헌학원,555,한영대학,전문대학,전문대학(2년제),전남,사립,고등교육법,남녀공학,주야간,59720,"전라남도 여수시 장군산길 18-43 (여서동, 한영대학)",19921211,www.hanyeong.ac.kr,임정섭,061-650-4139,061-650-4020,기존
2017,호산교육재단,415,호산대학교,전문대학,전문대학(2년제),경북,사립,고등교육법,남녀공학,주야간,38428,"경상북도 경산시 하양읍 대경로105길 19 (부호리, 호산대학교)",19920309,www.hosan.ac.kr,박소경,053-850-8000,053-853-9715,기존
2017,상지학원(전문),410,가톨릭상지대학교,전문대학,전문대학(3년제),경북,사립,고등교육법,남녀공학,주야간,36686,"경상북도 안동시 상지길 45 (율세동, 가톨릭상지대학교)",19700310,www.csj.ac.kr,정일,054-851-3052,054-857-9590,기존
2017,정수학원,514,강릉영동대학교,전문대학,전문대학(3년제),강원,사립,고등교육법,남녀공학,주야간,25521,"강원도 강릉시 공제로 357 (홍제동, 강릉영동대학)",19830601,www.gyc.ac.kr,현인숙,033-610-0114,033-644-8809,기존
2017,강원도립대학 법인,2639,강원도립대학교,전문대학,전문대학(3년제),강원,공립,고등교육법,남녀공학,주간,25425,강원도 강릉시 주문진읍 연주로 270,19980317,www.gw.ac.kr,송승철,033-660-8000,033-660-8035,기존
2017,세영학원,412,거제대학교,전문대학,전문대학(3년제),경남,사립,고등교육법,남녀공학,주야간,53325,"경상남도 거제시 마전1길 91 (장승포동, 거제대학)",19891201,www.koje.ac.kr,전영기,055-680-1504,055-680-1517,기존
2017,동서학원,2640,경남정보대학교,전문대학,전문대학(3년제),부산,사립,고등교육법,남녀공학,주야간,47011,"부산광역시 사상구 주례로 45 (주례동, 경남정보대학교)",19710301,www.kit.ac.kr,추만석,051-324-5555,051-324-1858,기존
2017,경민학원,416,경민대학교,전문대학,전문대학(3년제),경기,사립,고등교육법,남녀공학,주야간,11618,"경기도 의정부시 서부로 545 (가능동, 경민대학)",19920302,www.kyungmin.ac.kr,이연신,031-828-7722,031-828-7733,기존
2017,학교법인 경복대학교,2641,경복대학교,전문대학,전문대학(3년제),경기,사립,고등교육법,남녀공학,주야간,12051,"경기도 남양주시 진접읍 경복대로 425 (금곡리, 경복대학교)",19911130,www.kbu.ac.kr,전지용,031-570-9901,031-570-9929,기존
2017,경영교육재단,2642,경북전문대학교,전문대학,전문대학(3년제),경북,사립,고등교육법,남녀공학,주야간,36133,"경상북도 영주시 대학로 77 (휴천동, 경북전문대학교)",19720301,www.kbc.ac.kr,최재혁,054-630-5114,054-632-0754,기존
2017,태양학원,422,경인여자대학교,전문대학,전문대학(3년제),인천,사립,고등교육법,여자,주야간,21041,"인천광역시 계양구 계양산로 63 (계산동, 경인여자대학)",19911130,www.kiwu.ac.kr,김길자,032-540-0114,032-545-2095,기존
2017,아신학원,435,고구려대학교,전문대학,전문대학(3년제),전남,사립,고등교육법,남녀공학,주야간,58280,"전라남도 나주시 다시면 백호로 125 (복암리, 고구려대학)",19950125,www.kgrc.ac.kr,김형배,061-330-7400,061-335-7128,기존
2017,양남학원,428,광양보건대학교,전문대학,전문대학(3년제),전남,사립,고등교육법,남녀공학,주간,57764,"전라남도 광양시 광양읍 한려대길 111 (덕례리, 광양보건대학)",19940315,www.gy.ac.kr,이성웅,061-760-1411,061-763-9009,기존
2017,전라기독학원,429,광주보건대학교,전문대학,전문대학(3년제),광주,사립,고등교육법,남녀공학,주간,62287,"광주광역시 광산구 북문대로419번길 73 (신창동, 광주보건대학)",19711223,www.ghu.ac.kr,김양혁,062-958-7500,062-953-4946,기존
2017,경암학원,411,군산간호대학교,전문대학,전문대학(3년제),전북,사립,고등교육법,남녀공학,주간,54068,"전라북도 군산시 동개정길 7 (개정동, 군산간호대학교)",19510701,www.kcn.ac.kr,김순자,063-450-3803,063-450-3809,기존
2017,광동학원,432,군장대학교,전문대학,전문대학(3년제),전북,사립,고등교육법,남녀공학,주야간,54045,"전라북도 군산시 성산면 군장대길 13 (도암리, 군장대학)",19940309,www.kunjang.ac.kr,이승우,063-450-8114,063-450-8116,기존
2017,광주기독병원교육재단,436,기독간호대학교,전문대학,전문대학(3년제),광주,사립,고등교육법,남녀공학,주간,61662,"광주광역시 남구 백서로70번길 6 (양림동, 기독간호대학)",19670321,www.ccn.ac.kr,총장 이숙희,062-650-8021,062-675-5806,기존
2017,김포대학,440,김포대학교,전문대학,전문대학(3년제),경기,사립,고등교육법,남녀공학,주간,10020,"경기도 김포시 월곶면 김포대학로 97 (포내리, 김포대학교)",19960301,www.kimpo.ac.kr,이돈희,031-999-4725,031-989-4389,기존
2017,영해학원,569,김해대학교,전문대학,전문대학(3년제),경남,사립,고등교육법,남녀공학,주야간,50811,"경상남도 김해시 삼안로112번길 198 (삼방동, 김해대학교)",20041201,www.gimhae.ac.kr,편금식,055-320-1600,055-322-2556,기존
2017,농협학원,441,농협대학교,전문대학,전문대학(3년제),경기,사립,고등교육법,남녀공학,주간,10292,"경기도 고양시 덕양구 서삼릉길 281 (원당동, 농협대학)",19621228,www.nonghyup.ac.kr,남성우,031-960-4000,031-960-4333,기존
2017,애광학원,2644,대구미래대학교,전문대학,전문대학(3년제),경북,사립,고등교육법,남녀공학,주야간,38607,"경상북도 경산시 미래로 114 (평산동, 대구미래대학)",19810301,www.dfc.ac.kr,이예숙,053-810-9405,053-802-3162,기존
2017,배영학숙,444,대구보건대학교,전문대학,전문대학(3년제),대구,사립,고등교육법,남녀공학,주야간,41453,"대구광역시 북구 영송로 15 (태전동, 대구보건대학)",19711223,www.dhc.ac.kr,남성희,053-320-1300,053-320-1239,기존
2017,대림학원,448,대림대학교,전문대학,전문대학(3년제),경기,사립,고등교육법,남녀공학,주야간,13916,"경기도 안양시 동안구 임곡로 29 (비산동, 대림대학교)",19770624,www.daelim.ac.kr,남중수,031-467-4756,031-446-8729,기존
2017,동남학원,457,동남보건대학교,전문대학,전문대학(3년제),경기,사립,고등교육법,남녀공학,주야간,16328,"경기도 수원시 장안구 천천로74번길 50 (정자동, 동남보건전문대학)",19731018,www.dongnam.ac.kr,홍종순,031-249-6333,031-249-6349,기존
2017,설봉학원,459,동부산대학교,전문대학,전문대학(3년제),부산,사립,고등교육법,남녀공학,주야간,48000,"부산광역시 해운대구 운봉길 60 (반송동, 동부산대학교)",19781228,www.dpc.ac.kr,최환언,051-542-8891,051-540-3844,기존
2017,공산학원,461,동아방송예술대학교,전문대학,전문대학(3년제),경기,사립,고등교육법,남녀공학,주간,17516,"경기도 안성시 삼죽면 동아예대길 47 (진촌리, 동아방송예술대학교)",19961226,www.dima.ac.kr,김준원,031-670-6600,031-670-6879,기존
2017,봉석학원,462,동아보건대학교,전문대학,전문대학(3년제),전남,사립,고등교육법,남녀공학,주야간,58439,"전라남도 영암군 학산면 영산로 76-57 (독천리, 동아보건대학교)",19940311,www.dongac.ac.kr,김경택,061-470-1613,061-470-1615,기존
2017,동양학원,463,동양미래대학교,전문대학,전문대학(3년제),서울,사립,고등교육법,남녀공학,주야간,8221,"서울특별시 구로구 경인로 445 (고척동, 동양미래대학)",19650421,www.dongyang.ac.kr,강석건,02-2610-1700,02-2688-5494,기존
2017,동원학원,465,동원대학교,전문대학,전문대학(3년제),경기,사립,고등교육법,남녀공학,주야간,12813,"경기도 광주시 곤지암읍 경충대로 26 (신촌리, 동원대학)",19951227,www.tw.ac.kr,모영기,1544-4114,031-763-9149,기존
2017,석파학원,467,동주대학교,전문대학,전문대학(3년제),부산,사립,고등교육법,남녀공학,주야간,49318,"부산광역시 사하구 사리로55번길 16 (괴정동, 동주대학)",19780216,www.dongju.ac.kr,김영탁,051-200-3300,051-201-5420,기존
2017,문화교육원,470,마산대학교,전문대학,전문대학(3년제),경남,사립,고등교육법,남녀공학,주야간,51217,"경상남도 창원시 마산회원구 내서읍 함마대로 2640 (용담리, 마산대학)",19560530,www.masan.ac.kr,오식완,055-230-1212,055-231-1177,기존
2017,명지학원,473,명지전문대학,전문대학,전문대학(3년제),서울,사립,고등교육법,남녀공학,주야간,3656,"서울특별시 서대문구 가좌로 134 (홍은동, 명지전문대학)",19740309,www.mjc.ac.kr,서용범(직위대행),02-300-1000,02-304-4832,기존
2017,영신학원,474,목포과학대학교,전문대학,전문대학(3년제),전남,사립,고등교육법,남녀공학,주야간,58644,"전라남도 목포시 영산로 413-1 (상동, 목포과학대학)",19760310,www.msu.ac.kr,박기종,061-278-8651~8,061-279-8838,기존
2017,배화학원,476,배화여자대학교,전문대학,전문대학(3년제),서울,사립,고등교육법,여자,주야간,3039,"서울특별시 종로구 필운대로1길 34 (필운동, 배화여자대학)",19780302,www.baewha.ac.kr,김숙자,02-399-0700,02-737-8431,기존
2017,삼육학원,483,삼육보건대학교,전문대학,전문대학(3년제),서울,사립,고등교육법,남녀공학,주야간,2500,"서울특별시 동대문구 망우로 82 (휘경동, 삼육보건대학)",19360401,www.shu.ac.kr,박두한,02-2212-0082,02-2215-2380,기존
2017,원석학원,2645,서라벌대학교,전문대학,전문대학(3년제),경북,사립,고등교육법,남녀공학,주야간,38057,"경상북도 경주시 태종로 478-20 (충효동, 서라벌대학)",19810121,www.sorabol.ac.kr,김재홍,054-770-3500,054-741-5429,기존
2017,서강학원,2646,서영대학교,전문대학,전문대학(3년제),광주,사립,고등교육법,남녀공학,주야간,61268,"광주광역시 북구 서강로 1 (운암동, 서영대학교)",19790301,www.seoyeong.ac.kr,김정수,062-520-5114,062-523-4606,기존
2017,의담학회,487,서울여자간호대학교,전문대학,전문대학(3년제),서울,사립,고등교육법,여자,주야간,3617,"서울특별시 서대문구 간호대로 38 (홍제동, 서울여자간호대학)",19540528,www.snjc.ac.kr,김종수,02-2287-1771,02-395-8018,기존
2017,동랑예술원,489,서울예술대학교,전문대학,전문대학(3년제),경기,사립,고등교육법,남녀공학,주간,15263,"경기도 안산시 단원구 예술대학로 171 (고잔동, 서울예술대학)",19620412,www.seoularts.ac.kr,유덕형,031-412-7100,031-412-7109,기존
2017,서정학원,566,서정대학교,전문대학,전문대학(3년제),경기,사립,고등교육법,남녀공학,주야간,11429,"경기도 양주시 은현면 화합로 1049-56 (용암리, 서정대학)",20021119,www.seojeong.ac.kr,김홍용,031-859-6900,031-859-6904,기존
2017,군산기독학원,431,서해대학,전문대학,전문대학(3년제),전북,사립,고등교육법,남녀공학,주야간,54116,"전라북도 군산시 서해대길 6 (오룡동, 서해대학)",19740321,www.sohae.ac.kr,이송재(직무대행),063-460-9126,063-460-9325,기존
2017,인산교육재단,550,선린대학교,전문대학,전문대학(3년제),경북,사립,고등교육법,남녀공학,주야간,37560,"경상북도 포항시 북구 흥해읍 초곡길36번길 30 (초곡리, 선린대학)",19690320,www.sunlin.ac.kr,변효철,054-260-5000,054-261-9455,기존
2017,학교법인 윤정학원,2647,성덕대학교,전문대학,전문대학(3년제),경북,사립,고등교육법,남녀공학,주간,38801,"경상북도 영천시 신녕면 대학길 105 (화남리, 성덕대학교)",19961226,www.sdc.ac.kr,윤지현,054-330-8800,054-330-8810,기존
2017,성요셉교육재단,2649,수성대학교,전문대학,전문대학(3년제),대구,사립,고등교육법,남녀공학,주야간,42078,"대구광역시 수성구 달구벌대로528길 15 (만촌동, 수성대학교)",19731219,www.sc.ac.kr,김선순,053-749-7000,053-751-1823,기존
2017,태촌학원,502,신성대학교,전문대학,전문대학(3년제),충남,사립,고등교육법,남녀공학,주야간,31801,"충청남도 당진시 정미면 대학로 1 (덕마리, 신성대학교)",19950301,www.shinsung.ac.kr,김병묵,041-350-1114,041-350-1075,기존
2017,장춘학원,2650,안동과학대학교,전문대학,전문대학(3년제),경북,사립,고등교육법,남녀공학,주야간,36616,"경상북도 안동시 서후면 서선길 189 (교리, 안동과학대학교)",19830301,www.asc.ac.kr,권상용,054-851-3500,054-852-9907,기존
2017,새빛학원,507,안산대학교,전문대학,전문대학(3년제),경기,사립,고등교육법,남녀공학,주야간,15328,"경기도 안산시 상록구 안산대학로 155 (일동, 안산대학교)",19730301,www.ansan.ac.kr,김주성,"031-400-6900, 7000",031-419-8390,기존
2017,연성학원,2651,연성대학교,전문대학,전문대학(3년제),경기,사립,고등교육법,남녀공학,주야간,14011,"경기도 안양시 만안구 양화로37번길 34 (안양동, 연성대학교)",19770305,www.yeonsung.ac.kr,오금희,031-441-2168,031-441-2170,기존
2017,엘지연암학원,2652,연암공과대학교,전문대학,전문대학(3년제),경남,사립,고등교육법,남녀공학,주간,52821,"경남 진주시 진주대로 629번길 35(가좌동, 연암공과대학교)",19840509,www.yc.ac.kr,박문화,055-751-2022,055-751-2096,기존
2017,오산학원,2653,오산대학교,전문대학,전문대학(3년제),경기,사립,고등교육법,남녀공학,주야간,18119,"경기도 오산시 청학로 45 (청학동, 오산대학)",19780525,www.osan.ac.kr,서범석,031-370-2500,031-370-2883,기존
2017,송담학원,520,용인송담대학교,전문대학,전문대학(3년제),경기,사립,고등교육법,남녀공학,주야간,17145,"경기도 용인시 처인구 동부로 61 (마평동, 용인송담대학교)",19941117,www.ysc.ac.kr,최성식,031-330-9000,031-336-9535,기존
2017,우송학원,452,우송정보대학,전문대학,전문대학(3년제),대전,사립,고등교육법,남녀공학,주야간,34606,"대전광역시 동구 동대전로 171 (자양동, 우송정보대학)",19630118,www.wsi.ac.kr,정상직,042-629-6114,042-629-6653,기존
2017,울산공업학원,521,울산과학대학교,전문대학,전문대학(3년제),울산,사립,고등교육법,남녀공학,주야간,44022,"울산광역시 동구 봉수로 101 (화정동, 울산과학대학동부캠퍼스)",19721214,www.uc.ac.kr,허정석,052-230-0500,052-234-9300,기존
2017,웅지학원,568,웅지세무대학교,전문대학,전문대학(3년제),경기,사립,고등교육법,남녀공학,주간,10846,"경기도 파주시 탄현면 웅지로144번길 73 (금승리, 웅지세무대학)",20040301,www.wat.ac.kr,박윤희,031-940-3114,031-940-3199,기존
2017,원광학원,523,원광보건대학교,전문대학,전문대학(3년제),전북,사립,고등교육법,남녀공학,주야간,54538,"전라북도 익산시 익산대로 514 (신용동, 원광보건대학)",19760124,www.wu.ac.kr,김인종,063-840-1114,063-840-1567,기존
2017,정석인하학원,2654,인하공업전문대학,전문대학,전문대학(3년제),인천,사립,고등교육법,남녀공학,주야간,22212,"인천광역시 남구 인하로 100 (용현동, 인하공업전문대학)",19580213,www.inhatc.ac.kr,진인주,"032-870-2114,2115",032-870-2489,기존
2017,전주기독학원,437,전주기전대학,전문대학,전문대학(3년제),전북,사립,고등교육법,남녀공학,주야간,54989,"전라북도 전주시 완산구 전주천서로 267 (중화산동1가, 전주기전대학)",19740321,www.kijeon.ac.kr,조희천,063-280-5315,063-231-6415,기존
2017,한라학원,2655,제주한라대학교,전문대학,전문대학(3년제),제주,사립,고등교육법,남녀공학,주야간,63092,"제주특별자치도 제주시 한라대학로 38 (노형동, 제주한라대학)",19690330,www.chu.ac.kr,김성훈,064-741-7575,064-747-3989,기존
2017,조선대학교,535,조선간호대학교,전문대학,전문대학(3년제),광주,사립,고등교육법,남녀공학,주간,61453,"광주광역시 동구 필문대로 309-2 (서석동, 조선간호대학교)",19711223,www.cnc.ac.kr,김란,062-231-7332,062-232-9071,기존
2017,한가람학원,539,진주보건대학교,전문대학,전문대학(3년제),경남,사립,고등교육법,남녀공학,주야간,52655,"경상남도 진주시 의병로 51 (상봉동, 진주보건대학)",19711223,www.jhc.ac.kr,정종권,055-740-1800,055-743-3010,기존
2017,문성학원,542,창원문성대학교,전문대학,전문대학(3년제),경남,사립,고등교육법,남녀공학,주야간,51410,경상남도 창원시 의창구 충혼로 91 (두대동),19781228,www.cmu.ac.kr,이원석,055-279-5114,055-279-5086,기존
2017,청강학원,544,청강문화산업대학교,전문대학,전문대학(3년제),경기,사립,고등교육법,남녀공학,주간,17390,"경기도 이천시 마장면 청강가창로 389-94 (해월리, 청강문화산업대학)",19960308,www.ck.ac.kr,유대근,031-637-1114,031-637-9696,기존
2017,청암학원,2656,청암대학교,전문대학,전문대학(3년제),전남,사립,고등교육법,남녀공학,주야간,57997,"전라남도 순천시 녹색로 1641 (덕월동, 순천청암대학)",19540401,www.ca.ac.kr,강명운,061-740-7100,061-743-6414,기존
2017,춘해학원,545,춘해보건대학교,전문대학,전문대학(3년제),울산,사립,고등교육법,남녀공학,주야간,44965,"울산광역시 울주군 웅촌면 대학길 9 (곡천리, 춘해보건대학)",19680316,www.ch.ac.kr,김희진,052-270-0100,052-225-9889,기존
2017,청양대학 법인,2657,충남도립대학교,전문대학,전문대학(3년제),충남,공립,고등교육법,남녀공학,주야간,33303,"충청남도 청양군 청양읍 학사길 55 (벽천리, 충남도립대학교)",19980319,www.cnsu.ac.kr,구본충,041-635-6669,041-635-6633,기존
2017,학교법인 포항대학교,2658,포항대학교,전문대학,전문대학(3년제),경북,사립,고등교육법,남녀공학,주야간,37555,"경상북도 포항시 북구 흥해읍 신덕로 60 (죽천리, 포항대학교)",19520703,www.pohang.ac.kr,정창조,054-251-8000,054-252-5005,기존
2017,우봉학원,578,한국골프대학,전문대학,전문대학(3년제),강원,사립,고등교육법,남녀공학,주간,25247,강원도 횡성군 우천면 하대5길 101 (하대리),20110301,www.kg.ac.kr,송충석,070-7877-2020,070-7877-2001,기존
2017,한국농수산대학 법인,577,한국농수산대학,전문대학,전문대학(3년제),전북,국립,개별설치령에 의한 국립학교,남녀공학,주간,54874,"전라북도 전주시 완산구 콩쥐팥쥐로 1515 (중동, 한국농수산대학)",19970320,www.af.ac.kr,김남수,063-238-9707,063-238-9719,기존
2017,한국복지대학교,2659,한국복지대학교,전문대학,전문대학(3년제),경기,국립,고등교육법,남녀공학,주야간,17738,"경기도 평택시 삼남로 283 (장안동, 한국복지대학교)",20020418,www.knuw.ac.kr,이상진,031-610-4666,031-610-4930,기존
2017,일송학원,553,한림성심대학교,전문대학,전문대학(3년제),강원,사립,고등교육법,남녀공학,주야간,24210,"강원도 춘천시 동면 장학길 48 (장학리, 한림성심대학교)",19390401,www.hsc.ac.kr,우형식,033-240-9000,033-252-9462,기존
2017,혜전학원,556,혜전대학교,전문대학,전문대학(3년제),충남,사립,고등교육법,남녀공학,주야간,32244,"충청남도 홍성군 홍성읍 대학길 25 (남장리, 혜전대학교)",19811210,www.hj.ac.kr,이재호,041-630-5173,041-634-6425,기존
2017,종암중앙학원,663,개신대학원대학교,대학원대학,전문대학원,서울,사립,고등교육법,남녀공학,주야간,1118,"서울특별시 강북구 도봉로 235 (미아동, 개신대학원대학교)",20030417,www.rts.ac.kr,조성헌,02-945-0918,02-945-0143,기존
2017,복음신학원,643,건신대학원대학교,대학원대학,전문대학원,대전,사립,고등교육법,남녀공학,주간,34825,"대전광역시 중구 목동로 23 (목동, 복음신학대학원)",19980312,www.alu.ac.kr,전용란,042-257-1663,042-257-5388,기존
2017,경안신학원,668,경안신학대학원대학교,대학원대학,전문대학원,경북,사립,고등교육법,남녀공학,주간,36614,"경상북도 안동시 북후면 물한길 16-29 (물한리, 경안신학대학원대학교)",20041029,www.gyeongan.ac.kr,서임중,054-859-8001,054-859-8004,기존
2017,계약학원,2643,계약신학대학원대학교,대학원대학,전문대학원,경기,사립,고등교육법,남녀공학,주간,12735,"경기도 광주시 초월읍 진새골길 151-30 (대쌍령리, 계약신학대학원대학교)",20000301,www.kyeyak.ac.kr,박황우,031-768-5544,031-768-5548,기존
2017,과학기술연합대학원대학교,664,과학기술연합대학원대학교,대학원대학,전문대학원,대전,기타,기타,남녀공학,주간,34113,"대전광역시 유성구 가정로 217 (가정동, UST)",20031022,www.ust.ac.kr,문길주,042-864-5551,042-864-5554,기존
2017,국립암센터,2928,국제암대학원대학교,대학원대학,전문대학원,경기,특별법법인,특별법법인,남녀공학,주간,10408,"경기도 고양시 일산동구 일산로 323 (마두동, 국립암센터)",20170301,www.ncc-gcsp.ac.kr,이강현,031-920-1510,031-920-2759,신설
2017,한문화학원,657,국제뇌교육종합대학원대학교,대학원대학,전문대학원,충남,사립,고등교육법,남녀공학,주간,31228,"충청남도 천안시 동남구 목천읍 교천지산길 284-31 (지산리, 국제뇌교육종합대학원대학교)",20021116,www.ube.ac.kr,이승헌,041-529-2623,041-529-2610,기존
2017,국제문화대학원대학교,674,국제문화대학원대학교,대학원대학,전문대학원,충남,사립,고등교육법,남녀공학,주간,33319,"충청남도 청양군 운곡면 청신로 576 (후덕리, 국제문화대학원대학교)",20040408,www.kicu.ac.kr,정사무엘(직무대리),041-943-9991,041-943-9996,기존
2017,국제법률경영학원,655,국제법률경영대학원대학교,대학원대학,전문대학원,경기,사립,고등교육법,남녀공학,주간,10264,"경기도 고양시 덕양구 내유길 230 (내유동, 국제법률경영대학원)",20001227,www.tlbu.ac.kr,유병화,031-960-1058,031-960-1059,기존
2017,국제학원,649,국제신학대학원대학교,대학원대학,전문대학원,서울,사립,고등교육법,남녀공학,주간,8773,"서울특별시 관악구 남부순환로 1548 (신림동, 국제신한대학원대학교)",19990309,www.ktu.ac.kr,안성삼,02-839-0388,02-839-0385,기존
2017,혁제학원,656,국제영어대학원대학교,대학원대학,전문대학원,서울,사립,고등교육법,남녀공학,주간,5408,"서울특별시 강동구 양재대로81길 17 (성내동, 국제영어대학원대학교)",20020503,www.igse.ac.kr,안영수,02-6477-5142,02-6477-5170,기존
2017,한국불교학원,2818,능인불교대학원대학교,대학원대학,전문대학원,경기,사립,고등교육법,남녀공학,주간,18582,경기도 화성시 팔탄면 3.1만세로 694-57 (해창리),20140901,www.niu.ac.kr,이정섭,031-8046-9700,031-8046-9720,기존
2017,대한신학대학원,641,대한신학대학원대학교,대학원대학,전문대학원,경기,사립,고등교육법,남녀공학,주야간,13907,경기도 안양시 만안구 경수대로1406번길 30 (석수동),19980302,www.dtu.ac.kr,황원찬,031-470-3333,031-473-5947,기존
2017,동방대학교,669,동방문화대학원대학교,대학원대학,전문대학원,서울,사립,고등교육법,남녀공학,주간,2838,"서울특별시 성북구 성북로28길 60 (성북동, 동방대학원대학교)",20041104,www.dongbang.ac.kr,박경재,02-3668-9800,02-3668-9899,기존
2017,베뢰아아카데미학원,642,베뢰아국제대학원대학교,대학원대학,전문대학원,서울,사립,고등교육법,남녀공학,주간,7381,"서울특별시 영등포구 가마산로 359 (대림동, 베뢰아대학원대학교)",19980301,www.berea.ac.kr,김성현,02-831-2272,02-831-1724,기존
2017,심연학원,670,북한대학원대학교,대학원대학,전문대학원,서울,사립,고등교육법,남녀공학,주간,3053,"서울특별시 종로구 북촌로15길 2 (삼청동, 북한대학교대학원)",20050301,www.nk.ac.kr,송민순,02-3700-0800,02-3700-0748,기존
2017,서울아카데미,666,서울과학종합대학원대학교,대학원대학,전문대학원,서울,사립,고등교육법,남녀공학,주간,3767,"서울특별시 서대문구 이화여대2길 46 (대현동, 서울아카데미빌딩)",20031113,www.assist.ac.kr,김일섭,070-7012-2700,070-7016-2700,기존
2017,호서학원,660,서울벤처대학원대학교,대학원대학,전문대학원,서울,사립,고등교육법,남녀공학,주간,6097,"서울특별시 강남구 봉은사로 405 (삼성동, 서울벤처정보대학원대학교)",20021017,www.svu.ac.kr,강영구,02-3470-5142,02-3470-5131,기존
2017,보문학원,658,서울불교대학원대학교,대학원대학,전문대학원,서울,사립,고등교육법,남녀공학,주간,8559,"서울특별시 금천구 독산로70길 8 (독산동, 서울불교대학원대학교)",20020503,www.sub.ac.kr,황윤식,02-890-2813,02-890-2899,기존
2017,순장학원,650,서울성경신학대학원대학교,대학원대학,전문대학원,서울,사립,고등교육법,남녀공학,주야간,7066,"서울특별시 동작구 신대방14가길 45-1 (신대방동, 서울성경신학대학교)",19990222,www.sb.ac.kr,권호덕,02-845-7711,02-844-7711,기존
2017,해광학원,659,서울외국어대학원대학교,대학원대학,전문대학원,서울,사립,고등교육법,남녀공학,주간,6745,"서울특별시 서초구 남부순환로356길 85 (양재동, 서울외국어대학원대학교)",20030301,www.sufs.ac.kr,윤해수,02-2182-6000,02-2182-6090,기존
2017,청심학원,667,청심신학대학원대학교,대학원대학,전문대학원,경기,사립,고등교육법,남녀공학,주간,12461,"경기도 가평군 설악면 미사리로 324-211 (송산리, 청심신학대학원)",20031022,www.sunhakup.ac.kr,조광명,031-589-1500,031-589-1559,기존
2017,성산학원,644,성산효대학원대학교,대학원대학,전문대학원,인천,사립,고등교육법,남녀공학,주간,21503,"인천광역시 남동구 석정로 543 (간석동, 성산효대학원대학교)",19971205,www.hyo.ac.kr,최성규,070-4361-7704,032-421-4528,기존
2017,성서침례학원,661,성서침례대학원대학교,대학원대학,전문대학원,경기,사립,고등교육법,남녀공학,주간,17404,"경기도 이천시 대월면 대평로 548-123 (장평리, 성서침례대학교)",20030301,www.bbts.ac.kr,김택수,031-634-1258,031-634-6086,기존
2017,순총학원,671,순복음대학원대학교,대학원대학,전문대학원,서울,사립,고등교육법,남녀공학,주야간,8808,"서울특별시 관악구 과천대로 927 (남현동, 대한하나님의성회)",20040407,www.sts.ac.kr,한별,02-581-0388/9,02-583-0387,기존
2017,실천신학대학원,672,실천신학대학원대학교,대학원대학,전문대학원,경기,사립,고등교육법,남녀공학,주간,17304,"경기도 이천시 신둔면 마소로11번길 311-43 (인후리, 실천신학대학원)",20050301,www.gspt.ac.kr,손인웅,031-638-8657,031-638-8659,기존
2017,에스라성경학원,662,에스라성경대학원대학교,대학원대학,전문대학원,경기,사립,고등교육법,남녀공학,주간,10273,"경기도 고양시 덕양구 대양로285번길 33-7 (고양동, 에스라성경대학원대학교)",20030301,www.ezra.ac.kr,김필회(직무대행),031-962-9196,031-963-1674,기존
2017,레마학원,651,예명대학원대학교,대학원대학,전문대학원,서울,사립,고등교육법,남녀공학,주간,6723,서울특별시 서초구 남부순환로337가길 49 (서초동),19990701,www.ygu.ac.kr,이명범,02-585-9611,02-582-6836,기존
2017,용문학원,678,용문상담심리대학원대학교,대학원대학,전문대학원,서울,사립,고등교육법,남녀공학,주간,3136,"서울특별시 종로구 율곡로 154 (원남동, 용문빌딩)",20090901,www.yongmoon.ac.kr,육성필,070-8620-3301,02-3672-1012,기존
2017,원불교대학원,645,원불교대학원대학교,대학원대학,전문대학원,전북,사립,고등교육법,남녀공학,주간,54536,"전라북도 익산시 익산대로33길 23 (신용동, 원불교대학원대학교)",19970911,www.wonbuddhism.ac.kr,허종규,063-841-5751,063-851-1328,기존
2017,웨스트민스터신학원,646,웨스트민스터신학대학원대학교,대학원대학,전문대학원,경기,사립,고등교육법,남녀공학,주간,16995,"경기도 용인시 기흥구 동백죽전대로 201-11 (중동, 웨스트민스터신학대학교)",19970911,www.wgst.ac.kr,정인찬,031-270-6000,031-270-6060,기존
2017,주안학원,680,주안대학원대학교,대학원대학,전문대학원,인천,사립,고등교육법,남녀공학,주간,22140,"인천광역시 남구 석바위로74번길 11 (주안동, 주안대학원대학교)",20110301,www.jiu.ac.kr,윤순재,032-446-5209,032-428-9779,기존
2017,중앙총신학원,654,중앙신학대학원대학교,대학원대학,전문대학원,경기,사립,고등교육법,남녀공학,주간,17117,"경기도 용인시 처인구 남사면 아곡로96번길 79 (아곡리, 중앙신학대학원대학교)",20000904,www.ctu.ac.kr,백성혁,031-339-9015,031-339-9093,기존
2017,한국개발연구원,640,한국개발연구원국제정책대학원대학교,대학원대학,전문대학원,세종,사립,고등교육법,남녀공학,주야간,30149,"세종특별자치시 남세종로 263 (반곡동, 한국개발연구원)",19971205,www.kdischool.ac.kr,김준경,044-550-1088,044-550-1200,기존
2017,우천학원,679,한국상담대학원대학교,대학원대학,전문대학원,서울,사립,고등교육법,남녀공학,주간,6722,"서울특별시 서초구 효령로 366 (서초동, 한국상담대학원대학교)",20100302,www.kcgu.ac.kr,이혜성,02-584-6851,02-584-6857,기존
2017,한국전력국제원자력대학원대학교,681,한국전력국제원자력대학원대학교,대학원대학,전문대학원,울산,사립,고등교육법,남녀공학,주간,45014,울산광역시 울주군 서생면 해맞이로 658-91 (신암리),20120301,www.kings.ac.kr,오세기,052-712-7000,052-712-7139,기존
2017,자유학원,647,합동신학대학원대학교,대학원대학,전문대학원,경기,사립,고등교육법,남녀공학,주간,16517,"경기도 수원시 영통구 광교중앙로 50 (원천동, 합동신학대학원대학교)",19961211,www.hapdong.ac.kr,조병수,031-212-3694,031-212-6204,기존
2017,횃불학원,648,횃불트리니티신학대학원대학교,대학원대학,전문대학원,서울,사립,고등교육법,남녀공학,주간,6752,"서울특별시 서초구 바우뫼로31길 70 (양재동, 횃불트리니티신학대학원대학교)",19971205,www.ttgu.ac.kr,이정숙,02-570-7372,02-570-7379,기존
2017,구세군학원,2857,구세군사관대학원대학교,대학원대학,특수대학원,경기,사립,고등교육법,남녀공학,주간,13800,"경기도 과천시 관악산길 216 (중앙동, 구세군사관대학원대학교)",20150301,www.gufot.ac.kr,조진호,02-502-9505,02-502-9507,기존
2017,학교법인 서울미디어대학원대학교,677,서울미디어대학원대학교,대학원대학,특수대학원,서울,사립,고등교육법,남녀공학,야간,7590,"서울특별시 강서구 화곡로61길 99 (등촌동, 한독미디어대학원대학교)",20090301,www.smit.ac.kr,박승철,02-6393-3114,02-6393-3280,기존
2017,가곡학원,653,서울사회복지대학원대학교,대학원대학,특수대학원,서울,사립,고등교육법,남녀공학,야간,7301,서울특별시 영등포구 영신로34길 18 (영등포동4가),19991218,www.ssgu.ac.kr,권육상,02-835-5551,02-835-5554,기존
2017,학교법인 살림동산학원,2817,크리스찬치유상담대학원대학교,대학원대학,특수대학원,서울,사립,고등교육법,남녀공학,주야간,6588,"서울특별시 서초구 서초대로 121 (방배동, 원우빌딩)",20140901,www.hcg.ac.kr,정태기,02-599-2466,02-599-3563,기존
2017,일송학원,673,한림국제대학원대학교,대학원대학,특수대학원,서울,사립,고등교육법,남녀공학,야간,6198,"서울특별시 강남구 역삼로 405 (대치동, 한림국제대학원대학교제1관)",20041209,www.hugs.ac.kr,구본학,02-3453-9333,02-3453-6618,기존
2017,트리니티학원,676,한반도국제대학원대학교,대학원대학,특수대학원,서울,사립,고등교육법,남녀공학,주간,4319,"서울특별시 용산구 임정로 17 (효창동, 한반도국제대학원대학교)",20051202,www.kuis.ac.kr,최한우,02-2077-8700~1,02-6499-3180,기존